open,high,low,close,volume,vwap,timestamp,transactions,otc
43.6675,43.8725,43.485,43.63,83241536.0,43.6861,2019-03-06 05:00:00,137662,
43.4675,43.61,43.005,43.125,99185496.0,43.2639,2019-03-07 05:00:00,180597,
42.58,43.2675,42.375,43.2275,95997432.0,42.9599,2019-03-08 05:00:00,167422,
43.8725,44.78,43.8375,44.725,128044136.0,44.545,2019-03-11 04:00:00,211343,
45.0,45.6675,44.8425,45.2275,129870336.0,45.2804,2019-03-12 04:00:00,215962,
45.5625,45.825,45.23,45.4275,124130096.0,45.4885,2019-03-13 04:00:00,188079,
45.975,46.025,45.64,45.9325,94318032.0,45.8882,2019-03-14 04:00:00,155808,
46.2125,46.8325,45.935,46.53,156171648.0,46.4607,2019-03-15 04:00:00,202477,
46.45,47.0975,46.4475,47.005,104879328.0,46.9156,2019-03-18 04:00:00,163740,
47.0875,47.2475,46.48,46.6325,126585476.0,46.8458,2019-03-19 04:00:00,197350,
46.5575,47.3725,46.1825,47.04,124140924.0,46.8448,2019-03-20 04:00:00,193683,
47.505,49.0825,47.4525,48.7725,204136948.0,48.5783,2019-03-21 04:00:00,309643,
48.835,49.4225,47.695,47.7625,169630664.0,48.4674,2019-03-22 04:00:00,298951,
47.8775,47.995,46.65,47.185,175381172.0,47.22,2019-03-25 04:00:00,308859,
47.916,48.22,46.145,46.6975,199202152.0,47.347,2019-03-26 04:00:00,344114,
47.1875,47.44,46.6375,47.1175,119393708.0,47.1266,2019-03-27 04:00:00,196103,
47.2375,47.3898,46.8825,47.18,83121452.0,47.104,2019-03-28 04:00:00,152290,
47.4575,47.52,47.135,47.4875,94255844.0,47.3815,2019-03-29 04:00:00,149796,
47.91,47.92,47.095,47.81,111447856.0,47.5903,2019-04-01 04:00:00,180998,
47.7725,48.615,47.7625,48.505,91062900.0,48.2881,2019-04-02 04:00:00,169575,
48.3125,49.125,48.2875,48.8375,93087320.0,48.8239,2019-04-03 04:00:00,164493,
48.6975,49.0925,48.285,48.9225,76431900.0,48.9187,2019-04-04 04:00:00,134609,
49.1125,49.275,48.9825,49.25,74106576.0,49.1644,2019-04-05 04:00:00,124211,
49.105,50.0575,49.085,50.025,103374712.0,49.7576,2019-04-08 04:00:00,180911,
50.08,50.7125,49.8075,49.875,143072948.0,50.2263,2019-04-09 04:00:00,232190,
49.67,50.185,49.545,50.155,86781152.0,49.8803,2019-04-10 04:00:00,160818,
50.2125,50.25,49.6108,49.7375,83582112.0,49.928,2019-04-11 04:00:00,142489,
49.8,50.035,49.0525,49.7175,110658672.0,49.5873,2019-04-12 04:00:00,195426,
49.645,49.9625,49.5025,49.8075,70136984.0,49.75,2019-04-15 04:00:00,140393,
49.865,50.3425,49.64,49.8125,102785540.0,49.978,2019-04-16 04:00:00,201696,
49.885,50.845,49.6525,50.7825,113627120.0,50.4613,2019-04-17 04:00:00,207247,
50.78,51.0375,50.63,50.965,96783064.0,50.8719,2019-04-18 04:00:00,146302,
50.7075,51.235,50.585,51.1325,77758180.0,51.0634,2019-04-22 04:00:00,116209,
51.1075,51.9375,50.975,51.87,93291964.0,51.6252,2019-04-23 04:00:00,166047,
51.84,52.12,51.7625,51.79,70162436.0,51.9161,2019-04-24 04:00:00,124532,
51.7075,51.94,51.28,51.32,74172824.0,51.5108,2019-04-25 04:00:00,146857,
51.225,51.25,50.53,51.075,74596408.0,51.0253,2019-04-26 04:00:00,141086,
51.1,51.4925,50.965,51.1525,88818864.0,51.2354,2019-04-29 04:00:00,138969,
50.765,50.85,49.7775,50.1675,186027504.0,50.5785,2019-04-30 04:00:00,332062,
52.47,53.8275,52.3075,52.63,259309312.0,53.1677,2019-05-01 04:00:00,441442,
52.46,53.1625,52.0325,52.2875,127985296.0,52.5388,2019-05-02 04:00:00,233406,
52.7225,52.96,52.5575,52.9375,83569512.0,52.7894,2019-05-03 04:00:00,148448,
51.0725,52.21,50.875,52.12,129772452.0,51.8274,2019-05-06 04:00:00,236168,
51.47,51.8544,50.2063,50.715,155054792.0,50.8923,2019-05-07 04:00:00,294532,
50.475,51.335,50.4375,50.725,105358016.0,50.9267,2019-05-08 04:00:00,202764,
50.1,50.42,49.165,50.18,139634428.0,49.8333,2019-05-09 04:00:00,290609,
49.3548,49.7125,48.1925,49.295,164834848.0,49.0126,2019-05-10 04:00:00,324318,
46.9275,47.37,45.7125,46.43,229722492.0,46.6878,2019-05-13 04:00:00,458554,
46.6025,47.425,46.3525,47.165,146118708.0,46.9941,2019-05-14 04:00:00,273844,
46.5675,47.9375,46.505,47.73,106178872.0,47.4348,2019-05-15 04:00:00,214960,
47.4775,48.1172,47.21,47.52,131765456.0,47.6079,2019-05-16 04:00:00,227813,
46.7325,47.725,46.69,47.25,131472860.0,47.2264,2019-05-17 04:00:00,231407,
45.88,46.0873,45.071,45.7725,154333760.0,45.6834,2019-05-20 04:00:00,290339,
46.305,47.0,46.175,46.65,113459392.0,46.685,2019-05-21 04:00:00,191742,
46.165,46.4275,45.6375,45.695,118955852.0,45.925,2019-05-22 04:00:00,213836,
44.95,45.135,44.4525,44.915,145718944.0,44.8336,2019-05-23 04:00:00,266841,
45.05,45.535,44.655,44.7425,94858744.0,45.0317,2019-05-24 04:00:00,182468,
44.73,45.1475,44.4775,44.5575,111792640.0,44.7178,2019-05-28 04:00:00,190007,
44.105,44.8375,44.0,44.345,113924660.0,44.3896,2019-05-29 04:00:00,212723,
44.4875,44.8075,44.1675,44.575,83953648.0,44.4919,2019-05-30 04:00:00,165752,
44.0575,44.4975,43.7475,43.7675,108174336.0,44.0876,2019-05-31 04:00:00,204344,
43.9,44.48,42.5675,43.325,161584276.0,43.5999,2019-06-03 04:00:00,306917,
43.86,44.9575,43.63,44.91,123871844.0,44.5316,2019-06-04 04:00:00,239718,
46.07,46.2475,45.285,45.635,119093708.0,45.7111,2019-06-05 04:00:00,239331,
45.77,46.3675,45.5372,46.305,90105244.0,45.9951,2019-06-06 04:00:00,160315,
46.6275,47.98,46.4425,47.5375,122737572.0,47.4457,2019-06-07 04:00:00,236608,
47.9525,48.8425,47.905,48.145,104883404.0,48.3259,2019-06-10 04:00:00,198722,
48.715,49.0,48.4,48.7025,107731528.0,48.6678,2019-06-11 04:00:00,180619,
48.4875,48.9925,48.3463,48.5475,73012756.0,48.6468,2019-06-12 04:00:00,129977,
48.675,49.1975,48.4,48.5375,86598496.0,48.7626,2019-06-13 04:00:00,143183,
47.8862,48.3966,47.575,48.185,75045896.0,48.0462,2019-06-14 04:00:00,144375,
48.225,48.74,48.0425,48.4725,58676576.0,48.5258,2019-06-17 04:00:00,114807,
49.0125,50.0725,48.8025,49.6125,106204016.0,49.6892,2019-06-18 04:00:00,213982,
49.92,49.97,49.3275,49.4675,84496940.0,49.5686,2019-06-19 04:00:00,155701,
50.0925,50.1525,49.5075,49.865,85875952.0,49.8312,2019-06-20 04:00:00,168119,
49.7,50.2125,49.5375,49.695,191202356.0,49.8109,2019-06-21 04:00:00,182762,
49.635,50.04,49.5425,49.645,72879684.0,49.7904,2019-06-24 04:00:00,132991,
49.6075,49.815,48.8225,48.8925,80241336.0,49.2731,2019-06-25 04:00:00,176385,
49.4425,50.2475,49.3375,49.95,104270048.0,49.9958,2019-06-26 04:00:00,203309,
50.0725,50.3925,49.8925,49.935,83598868.0,50.0388,2019-06-27 04:00:00,148527,
49.67,49.8738,49.2625,49.48,124442568.0,49.4973,2019-06-28 04:00:00,182093,
50.7925,51.1225,50.1625,50.3875,109266956.0,50.5824,2019-07-01 04:00:00,236349,
50.3525,50.7831,50.34,50.6825,67740868.0,50.5816,2019-07-02 04:00:00,155946,
50.82,51.11,50.6725,51.1025,45448180.0,50.9358,2019-07-03 04:00:00,93206,
50.8375,51.27,50.725,51.0575,69062072.0,51.0592,2019-07-05 04:00:00,161208,
50.2025,50.35,49.6025,50.005,101354512.0,49.9456,2019-07-08 04:00:00,217561,
49.8,50.3775,49.7025,50.31,82312060.0,50.1446,2019-07-09 04:00:00,170459,
50.4625,50.9325,50.39,50.8075,71588552.0,50.7679,2019-07-10 04:00:00,148879,
50.8275,51.0975,50.4275,50.4375,80766768.0,50.7619,2019-07-11 04:00:00,155454,
50.6125,51.0,50.55,50.825,70380848.0,50.8533,2019-07-12 04:00:00,145618,
51.0225,51.4675,51.0,51.3025,67789680.0,51.2542,2019-07-15 04:00:00,138130,
51.1475,51.5275,50.875,51.125,67467264.0,51.1838,2019-07-16 04:00:00,137720,
51.0125,51.2729,50.8175,50.8375,56429800.0,51.0522,2019-07-17 04:00:00,109617,
51.0,51.47,50.925,51.415,74328644.0,51.2703,2019-07-18 04:00:00,143289,
51.4475,51.625,50.59,50.6475,83717228.0,51.0647,2019-07-19 04:00:00,156565,
50.9125,51.8075,50.9025,51.805,89111460.0,51.5456,2019-07-22 04:00:00,166038,
52.115,52.2275,51.8225,52.21,73420840.0,52.0334,2019-07-23 04:00:00,138003,
51.9175,52.2875,51.7925,52.1675,59966268.0,52.0614,2019-07-24 04:00:00,114744,
52.2225,52.31,51.6825,51.755,55638248.0,51.9397,2019-07-25 04:00:00,123729,
51.87,52.4325,51.785,51.935,69815496.0,52.0493,2019-07-26 04:00:00,136946,
52.115,52.66,52.11,52.42,86693556.0,52.462,2019-07-29 04:00:00,176159,
52.19,52.54,51.8275,52.195,135742872.0,52.5065,2019-07-30 04:00:00,267607,
54.105,55.3425,52.825,53.26,277125444.0,54.2863,2019-07-31 04:00:00,528873,
53.475,54.5075,51.6859,52.1075,216071648.0,53.0459,2019-08-01 04:00:00,452268,
51.3825,51.6075,50.4075,51.005,163448488.0,50.9767,2019-08-02 04:00:00,344860,
49.4975,49.6623,48.145,48.335,209571876.0,48.6578,2019-08-05 04:00:00,471602,
49.0775,49.5168,48.51,49.25,143299148.0,49.0696,2019-08-06 04:00:00,282299,
48.8525,49.89,48.455,49.76,133457600.0,49.2889,2019-08-07 04:00:00,277444,
50.05,50.8825,49.8475,50.8575,108038092.0,50.4796,2019-08-08 04:00:00,245165,
50.325,50.69,49.8225,50.2475,98478984.0,50.3039,2019-08-09 04:00:00,193223,
49.905,50.5129,49.7875,50.12,89927556.0,50.2032,2019-08-12 04:00:00,181412,
50.255,53.035,50.2075,52.2425,190159144.0,52.1578,2019-08-13 04:00:00,377969,
50.79,51.61,50.6467,50.6875,146189772.0,50.9787,2019-08-14 04:00:00,292722,
50.865,51.285,49.9175,50.435,111533452.0,50.5156,2019-08-15 04:00:00,246488,
51.07,51.79,50.96,51.625,115254496.0,51.4764,2019-08-16 04:00:00,221213,
52.655,53.1827,52.5063,52.5875,97727660.0,52.8601,2019-08-19 04:00:00,183023,
52.72,53.3375,52.58,52.59,107678116.0,52.8739,2019-08-20 04:00:00,175160,
53.2475,53.4125,52.9008,53.16,86258988.0,53.2162,2019-08-21 04:00:00,168033,
53.2975,53.6088,52.6875,53.115,89071276.0,53.1643,2019-08-22 04:00:00,171708,
52.3575,53.0128,50.25,50.66,187479372.0,51.2925,2019-08-23 04:00:00,388234,
51.465,51.7975,51.2643,51.6225,104264520.0,51.5434,2019-08-26 04:00:00,201498,
51.965,52.1375,50.8825,51.04,103589376.0,51.2932,2019-08-27 04:00:00,183064,
51.025,51.43,50.83,51.3825,63566528.0,51.2324,2019-08-28 04:00:00,139861,
52.125,52.33,51.6638,52.2525,84030608.0,52.1302,2019-08-29 04:00:00,168014,
52.54,52.6125,51.8,52.185,84434244.0,52.1128,2019-08-30 04:00:00,159896,
51.6075,51.745,51.055,51.425,80238296.0,51.3551,2019-09-03 04:00:00,169562,
52.0975,52.37,51.83,52.2975,76867280.0,52.1505,2019-09-04 04:00:00,167047,
53.0,53.4925,52.8775,53.32,95787936.0,53.2207,2019-09-05 04:00:00,202018,
53.5125,53.605,53.1275,53.315,77449176.0,53.3356,2019-09-06 04:00:00,202795,
53.71,54.11,52.7675,53.5425,109237604.0,53.7299,2019-09-09 04:00:00,298879,
53.465,54.195,52.9275,54.175,127111724.0,53.6098,2019-09-10 04:00:00,349287,
54.5175,55.9275,54.4325,55.8975,177158584.0,55.3662,2019-09-11 04:00:00,413158,
56.2,56.605,55.715,55.7713,128906676.0,56.1534,2019-09-12 04:00:00,295048,
55.0,55.1975,54.255,54.6875,159053184.0,54.7267,2019-09-13 04:00:00,481842,
54.4325,55.0325,54.39,54.975,84632564.0,54.8359,2019-09-16 04:00:00,241282,
54.99,55.205,54.78,55.175,73545872.0,55.0205,2019-09-17 04:00:00,154463,
55.265,55.7125,54.86,55.6925,102572372.0,55.4085,2019-09-18 04:00:00,214153,
55.5025,55.94,55.0925,55.24,88751504.0,55.4778,2019-09-19 04:00:00,197540,
55.345,55.64,54.3683,54.4325,231510776.0,54.7879,2019-09-20 04:00:00,310364,
54.7375,54.96,54.4125,54.68,77678592.0,54.7102,2019-09-23 04:00:00,211005,
55.2575,55.6225,54.2975,54.42,125737468.0,54.8171,2019-09-24 04:00:00,357153,
54.6375,55.375,54.2851,55.2575,89924024.0,54.9921,2019-09-25 04:00:00,270826,
55.0,55.235,54.7075,54.9725,76353248.0,54.97,2019-09-26 04:00:00,236629,
55.135,55.24,54.3204,54.705,101445140.0,54.7613,2019-09-27 04:00:00,312399,
55.225,56.145,55.1975,55.9925,105274332.0,55.7919,2019-09-30 04:00:00,281988,
56.2675,57.055,56.05,56.1475,144748652.0,56.4821,2019-10-01 04:00:00,416942,
55.765,55.895,54.4825,54.74,143069028.0,54.9467,2019-10-02 04:00:00,450383,
54.6075,55.24,53.783,55.205,121410744.0,54.7258,2019-10-03 04:00:00,363653,
56.41,56.8725,55.9725,56.7525,138562212.0,56.4728,2019-10-04 04:00:00,312653,
56.5675,57.4825,56.46,56.765,123557076.0,57.0237,2019-10-07 04:00:00,322409,
56.455,57.015,56.0825,56.1,117130800.0,56.475,2019-10-08 04:00:00,351136,
56.7575,56.9475,56.41,56.7575,76117696.0,56.6916,2019-10-09 04:00:00,206600,
56.9825,57.61,56.825,57.5225,115851936.0,57.405,2019-10-10 04:00:00,308879,
58.2375,59.41,58.0769,59.0525,167957480.0,58.7868,2019-10-11 04:00:00,400878,
58.725,59.5336,58.6675,58.9675,97653936.0,59.169,2019-10-14 04:00:00,218853,
59.0975,59.4125,58.72,58.83,92161932.0,59.0056,2019-10-15 04:00:00,205010,
58.3425,58.81,58.3,58.5925,77146776.0,58.545,2019-10-16 04:00:00,196480,
58.7725,59.0375,58.38,58.82,69091588.0,58.7266,2019-10-17 04:00:00,179986,
58.6475,59.395,58.5725,59.1025,97508664.0,58.961,2019-10-18 04:00:00,205169,
59.38,60.2475,59.33,60.1275,89469932.0,60.0149,2019-10-21 04:00:00,195954,
60.29,60.55,59.9055,59.99,90736004.0,60.2519,2019-10-22 04:00:00,180732,
60.525,60.81,60.305,60.795,79730180.0,60.6161,2019-10-23 04:00:00,156381,
61.1275,61.2,60.4513,60.895,71665020.0,60.7645,2019-10-24 04:00:00,144675,
60.79,61.6825,60.72,61.645,73477184.0,61.3068,2019-10-25 04:00:00,142574,
61.855,62.3125,61.68,62.2625,96572964.0,62.0886,2019-10-28 04:00:00,190480,
62.2425,62.4375,60.6425,60.8225,142806828.0,61.201,2019-10-29 04:00:00,280978,
61.19,61.325,60.3025,60.815,124339688.0,60.892,2019-10-30 04:00:00,267208,
61.81,62.2925,59.315,62.19,139162080.0,61.962,2019-10-31 04:00:00,272736,
62.385,63.9825,62.29,63.955,151125336.0,63.3147,2019-11-01 04:00:00,279590,
64.3325,64.4613,63.845,64.375,103271808.0,64.2299,2019-11-04 05:00:00,204389,
64.2625,64.5475,64.08,64.2825,79897708.0,64.3589,2019-11-05 05:00:00,162280,
64.1925,64.3725,63.8413,64.31,75864496.0,64.1628,2019-11-06 05:00:00,154820,
64.685,65.0875,64.5275,64.8575,94940332.0,64.8234,2019-11-07 05:00:00,187661,
64.6725,65.11,64.2125,65.035,70066380.0,64.7375,2019-11-08 05:00:00,139066,
64.575,65.6175,64.57,65.55,82029836.0,65.2057,2019-11-11 05:00:00,154646,
65.3875,65.6975,65.23,65.49,87388904.0,65.4792,2019-11-12 05:00:00,170371,
65.2825,66.195,65.2675,66.1175,103259372.0,65.8956,2019-11-13 05:00:00,203747,
65.9375,66.22,65.525,65.66,89582224.0,65.8242,2019-11-14 05:00:00,200430,
65.92,66.445,65.7525,66.44,100374664.0,66.1462,2019-11-15 05:00:00,178689,
66.45,66.8575,66.0575,66.775,86803588.0,66.5452,2019-11-18 05:00:00,172419,
66.975,67.0,66.3482,66.5725,76278388.0,66.6321,2019-11-19 05:00:00,136075,
66.385,66.5208,65.1,65.7975,106373676.0,65.8052,2019-11-20 05:00:00,206431,
65.9225,66.0013,65.295,65.5025,119995112.0,65.5687,2019-11-21 05:00:00,162665,
65.6475,65.795,65.21,65.445,65325052.0,65.4791,2019-11-22 05:00:00,133445,
65.6775,66.61,65.63,66.5925,84118068.0,66.3526,2019-11-25 05:00:00,129647,
66.735,66.79,65.625,66.0725,105339528.0,66.3289,2019-11-26 05:00:00,135753,
66.395,66.995,66.3275,66.96,65544488.0,66.6647,2019-11-27 05:00:00,120479,
66.65,67.0,66.475,66.8125,46617452.0,66.8303,2019-11-29 05:00:00,75130,
66.8175,67.0625,65.8625,66.04,94549800.0,66.2698,2019-12-02 05:00:00,173135,
64.5775,64.8825,64.0725,64.8625,117509072.0,64.5239,2019-12-03 05:00:00,245821,
65.2675,65.8275,65.17,65.435,67241552.0,65.5129,2019-12-04 05:00:00,141699,
65.9475,66.4725,65.6825,66.395,74645372.0,66.154,2019-12-05 05:00:00,142919,
66.87,67.75,66.825,67.6775,106189972.0,67.4681,2019-12-06 05:00:00,192704,
67.5,67.7,66.2275,66.73,128730580.0,66.8076,2019-12-09 05:00:00,220537,
67.15,67.5175,66.465,67.12,90529532.0,67.1673,2019-12-10 05:00:00,180826,
67.2025,67.775,67.125,67.6925,78893564.0,67.5627,2019-12-11 05:00:00,139866,
66.945,68.14,66.8303,67.865,137748168.0,67.5474,2019-12-12 05:00:00,261547,
67.865,68.825,67.7325,68.7875,133731224.0,68.4777,2019-12-13 05:00:00,253684,
69.25,70.1975,69.245,69.965,128318920.0,69.92,2019-12-16 05:00:00,203140,
69.8925,70.4425,69.7,70.1025,113645192.0,70.1524,2019-12-17 05:00:00,195565,
69.95,70.475,69.78,69.935,116093948.0,70.0699,2019-12-18 05:00:00,181285,
69.875,70.295,69.7375,70.005,98507788.0,69.9697,2019-12-19 05:00:00,161576,
70.5575,70.6625,69.64,69.86,276130972.0,70.0428,2019-12-20 05:00:00,214243,
70.1325,71.0625,70.0934,71.0,98265932.0,70.7994,2019-12-23 05:00:00,169949,
71.1725,71.2225,70.7299,71.0675,48478856.0,71.0203,2019-12-24 05:00:00,82669,
71.205,72.495,71.175,72.4775,93336016.0,72.036,2019-12-26 05:00:00,170217,
72.78,73.4925,72.03,72.45,146371744.0,72.6935,2019-12-27 05:00:00,263594,
72.365,73.1725,71.305,72.88,144238456.0,72.4813,2019-12-30 05:00:00,264186,
72.4825,73.42,72.38,73.4125,100990500.0,73.0982,2019-12-31 05:00:00,185419,
74.06,75.15,73.7975,75.0875,135647456.0,74.6099,2020-01-02 05:00:00,283480,
74.2875,75.145,74.125,74.3575,146535512.0,74.7026,2020-01-03 05:00:00,280940,
73.4475,74.99,73.1875,74.95,118518576.0,74.4499,2020-01-06 05:00:00,242860,
74.96,75.225,74.37,74.5975,111510620.0,74.7311,2020-01-07 05:00:00,227868,
74.29,76.11,74.289,75.7975,132363784.0,75.2914,2020-01-08 05:00:00,261770,
76.8088,77.6075,76.55,77.4075,170486168.0,77.161,2020-01-09 05:00:00,328749,
77.65,78.1675,77.0625,77.5825,140869088.0,77.6729,2020-01-10 05:00:00,294841,
77.91,79.2675,77.7875,79.24,122086888.0,78.4206,2020-01-13 05:00:00,254950,
79.175,79.3925,78.0425,78.17,162613828.0,78.6921,2020-01-14 05:00:00,342959,
77.9625,78.875,77.3875,77.835,121923528.0,78.2459,2020-01-15 05:00:00,264903,
78.3975,78.925,78.0225,78.81,107069016.0,78.5424,2020-01-16 05:00:00,207421,
79.0675,79.685,78.75,79.6825,137816468.0,79.2386,2020-01-17 05:00:00,238615,
79.2975,79.755,79.0,79.1425,110643256.0,79.3365,2020-01-21 05:00:00,208931,
79.645,79.9975,79.3275,79.425,101832460.0,79.6217,2020-01-22 05:00:00,208306,
79.48,79.89,78.9125,79.8075,104471972.0,79.5524,2020-01-23 05:00:00,197084,
80.0625,80.8325,79.3797,79.5775,146537520.0,80.1019,2020-01-24 05:00:00,296490,
77.515,77.9425,76.22,77.2375,161908020.0,77.4235,2020-01-27 05:00:00,380394,
78.15,79.6,78.0475,79.4225,162233944.0,79.2654,2020-01-28 05:00:00,353618,
81.1125,81.9625,80.345,81.085,216599620.0,81.365,2020-01-29 05:00:00,464161,
80.1359,81.0225,79.6875,80.9675,126551232.0,80.4192,2020-01-30 05:00:00,280545,
80.2325,80.67,77.0725,77.3775,199588384.0,78.5039,2020-01-31 05:00:00,484153,
76.075,78.3725,75.555,77.165,173985604.0,77.2738,2020-02-03 05:00:00,405189,
78.8275,79.91,78.4086,79.7125,136616536.0,79.3666,2020-02-04 05:00:00,288064,
80.88,81.19,79.7375,80.3625,118746872.0,80.3725,2020-02-05 05:00:00,269725,
80.6425,81.305,80.0662,81.3025,105392140.0,80.8276,2020-02-06 05:00:00,215446,
80.5925,80.85,79.5,80.0075,117684048.0,80.2554,2020-02-07 05:00:00,261918,
78.545,80.3875,78.4625,80.3875,109346860.0,79.7929,2020-02-10 05:00:00,234127,
80.9,80.975,79.6775,79.9025,94323120.0,80.3471,2020-02-11 05:00:00,230343,
80.3675,81.805,80.3675,81.8,113730292.0,81.1997,2020-02-12 05:00:00,244871,
81.0475,81.555,80.8375,81.2175,94451512.0,81.2497,2020-02-13 05:00:00,216964,
81.185,81.495,80.7125,81.2375,80113788.0,81.1569,2020-02-14 05:00:00,176169,
78.84,79.9375,78.6525,79.75,152762180.0,79.3387,2020-02-18 05:00:00,365776,
80.0,81.1425,80.0,80.905,93983964.0,80.7971,2020-02-19 05:00:00,205432,
80.6575,81.1625,79.5525,80.075,100565956.0,80.2818,2020-02-20 05:00:00,243574,
79.655,80.1125,77.625,78.2625,129705660.0,78.6341,2020-02-21 05:00:00,323163,
74.315,76.045,72.3075,74.545,222149312.0,74.8699,2020-02-24 05:00:00,586879,
75.2375,75.6325,71.5325,72.02,230623456.0,73.3055,2020-02-25 05:00:00,624788,
71.6325,74.47,71.625,73.1625,198153724.0,73.2211,2020-02-26 05:00:00,494238,
70.275,71.5,68.24,68.38,318605524.0,69.9545,2020-02-27 05:00:00,811075,
64.315,69.6025,64.0925,68.34,426884920.0,66.7569,2020-02-28 05:00:00,1118286,
70.57,75.36,69.43,74.7025,341329356.0,72.1688,2020-03-02 05:00:00,850990,
75.9175,76.0,71.45,72.33,319474208.0,73.6107,2020-03-03 05:00:00,841732,
74.11,75.85,73.2825,75.685,219178272.0,74.5584,2020-03-04 05:00:00,506987,
73.88,74.8875,72.8525,73.23,187572876.0,73.8242,2020-03-05 05:00:00,433274,
70.5,72.705,70.3075,72.2575,226176984.0,71.4465,2020-03-06 05:00:00,551657,
65.9375,69.5225,65.75,66.5425,286744832.0,67.8998,2020-03-09 04:00:00,733182,
69.285,71.61,67.3425,71.335,285290080.0,69.4642,2020-03-10 04:00:00,696310,
69.3475,70.305,67.965,68.8575,256379880.0,69.1036,2020-03-11 04:00:00,587138,
63.985,67.5,62.0,62.0575,418474068.0,63.8272,2020-03-12 04:00:00,1085533,
66.2225,69.98,63.2375,69.4925,368732128.0,65.7384,2020-03-13 04:00:00,938015,
60.4875,64.77,60.0,60.5525,322423460.0,62.6169,2020-03-16 04:00:00,826388,
61.8775,64.4025,59.6,63.215,323855860.0,62.4835,2020-03-17 04:00:00,825893,
59.9425,62.5,59.28,61.6675,300233624.0,60.792,2020-03-18 04:00:00,757704,
61.8463,63.21,60.6525,61.195,271857020.0,61.9001,2020-03-19 04:00:00,662842,
61.795,62.9575,57.0,57.31,401693384.0,60.2126,2020-03-20 04:00:00,862652,
57.02,57.1249,53.1525,56.0925,336752832.0,55.3518,2020-03-23 04:00:00,838611,
59.09,61.9225,58.575,61.72,287531092.0,60.3309,2020-03-24 04:00:00,692491,
62.6875,64.5625,61.075,61.38,303602040.0,62.931,2020-03-25 04:00:00,755720,
61.63,64.67,61.59,64.61,252560596.0,63.194,2020-03-26 04:00:00,584615,
63.1875,63.9675,61.7625,61.935,204216612.0,62.7031,2020-03-27 04:00:00,490477,
62.685,63.88,62.35,63.7025,167976440.0,63.1713,2020-03-30 04:00:00,371745,
63.9,65.6225,63.0,63.5725,197002004.0,64.1079,2020-03-31 04:00:00,405381,
61.625,62.18,59.7825,60.2275,176046552.0,60.9782,2020-04-01 04:00:00,460605,
60.085,61.2875,59.225,61.2325,165933972.0,60.3945,2020-04-02 04:00:00,380294,
60.7,61.425,59.7435,60.3525,129880068.0,60.4515,2020-04-03 04:00:00,293699,
62.725,65.7775,62.345,65.6175,201820284.0,64.0392,2020-04-06 04:00:00,486681,
67.7,67.925,64.75,64.8575,202887324.0,66.1413,2020-04-07 04:00:00,467375,
65.685,66.8425,65.3075,66.5175,168895284.0,66.1893,2020-04-08 04:00:00,391246,
67.175,67.5175,66.175,66.9975,162116492.0,66.8074,2020-04-09 04:00:00,415870,
67.0775,68.425,66.4575,68.3125,131022924.0,67.3614,2020-04-13 04:00:00,343829,
70.0,72.0625,69.5125,71.7625,194994688.0,71.2864,2020-04-14 04:00:00,476983,
70.6,71.5825,70.1575,71.1075,131154564.0,70.9263,2020-04-15 04:00:00,312185,
71.845,72.0494,70.5875,71.6725,157125160.0,71.4464,2020-04-16 04:00:00,377056,
71.1725,71.7363,69.215,70.7,215249912.0,70.404,2020-04-17 04:00:00,571192,
69.4875,70.42,69.2125,69.2325,130015000.0,69.753,2020-04-20 04:00:00,357160,
69.07,69.3125,66.3575,67.0925,180991572.0,67.4343,2020-04-21 04:00:00,530768,
68.4025,69.475,68.05,69.025,117055368.0,68.7543,2020-04-22 04:00:00,287131,
68.9675,70.4375,68.7175,68.7575,124801712.0,69.4705,2020-04-23 04:00:00,318296,
69.3,70.7525,69.25,70.7425,126508732.0,70.0964,2020-04-24 04:00:00,306176,
70.45,71.135,69.9875,70.7925,117087572.0,70.5883,2020-04-27 04:00:00,300771,
71.27,71.4575,69.55,69.645,112004748.0,70.406,2020-04-28 04:00:00,285384,
71.1825,72.4175,70.9725,71.9325,137280816.0,71.8512,2020-04-29 04:00:00,324890,
72.49,73.6325,72.0875,73.45,183063872.0,72.9189,2020-04-30 04:00:00,471129,
71.5625,74.75,71.4625,72.2675,240616692.0,73.1481,2020-05-01 04:00:00,558318,
72.2925,73.4225,71.5793,73.29,133446864.0,72.6385,2020-05-04 04:00:00,320744,
73.765,75.25,73.615,74.39,147751180.0,74.6384,2020-05-05 04:00:00,361220,
75.115,75.81,74.7175,75.1575,142333256.0,75.4385,2020-05-06 04:00:00,327327,
75.805,76.2925,75.4925,75.935,115215056.0,75.9291,2020-05-07 04:00:00,273196,
76.41,77.5875,76.0725,77.5325,134047940.0,76.9476,2020-05-08 04:00:00,318777,
77.025,79.2625,76.81,78.7525,145945400.0,78.2535,2020-05-11 04:00:00,336670,
79.4575,79.922,77.7275,77.8525,162100936.0,79.0703,2020-05-12 04:00:00,372891,
78.0375,78.9875,75.8025,76.9125,200622556.0,77.2421,2020-05-13 04:00:00,489388,
76.1275,77.4475,75.3825,77.385,158600728.0,76.401,2020-05-14 04:00:00,370233,
75.0875,76.975,75.0525,76.9275,165283688.0,76.2066,2020-05-15 04:00:00,385764,
78.2925,79.125,77.581,78.74,135369872.0,78.524,2020-05-18 04:00:00,315508,
78.7575,79.63,78.2525,78.285,101729540.0,79.087,2020-05-19 04:00:00,253423,
79.17,79.88,79.05,79.8075,111504860.0,79.6228,2020-05-20 04:00:00,263855,
79.665,80.2225,78.9675,79.2125,102688844.0,79.5353,2020-05-21 04:00:00,250904,
78.9425,79.8075,78.8375,79.7225,81803016.0,79.3895,2020-05-22 04:00:00,205849,
80.875,81.06,79.125,79.1825,125519176.0,79.8905,2020-05-26 04:00:00,309826,
79.035,79.6775,78.2725,79.5275,112941436.0,79.0398,2020-05-27 04:00:00,279261,
79.1925,80.86,78.9075,79.5625,133795408.0,80.0894,2020-05-28 04:00:00,320359,
79.8125,80.2875,79.1175,79.485,153598128.0,79.6771,2020-05-29 04:00:00,307848,
79.4375,80.5875,79.3025,80.4625,81000752.0,80.2125,2020-06-01 04:00:00,231707,
80.1863,80.86,79.7325,80.835,87642632.0,80.3801,2020-06-02 04:00:00,226248,
81.165,81.55,80.575,81.28,104490584.0,81.084,2020-06-03 04:00:00,258867,
81.0975,81.405,80.195,80.58,87560364.0,80.8328,2020-06-04 04:00:00,237171,
80.8375,82.9375,80.8075,82.875,137248048.0,82.2786,2020-06-05 04:00:00,351615,
82.5625,83.4,81.83,83.365,95650900.0,82.7662,2020-06-08 04:00:00,261203,
83.035,86.4025,83.0025,85.9975,147712228.0,85.3634,2020-06-09 04:00:00,402768,
86.975,88.6925,86.5225,88.21,166646980.0,87.8736,2020-06-10 04:00:00,449782,
87.3275,87.765,83.87,83.975,201659684.0,85.7741,2020-06-11 04:00:00,577299,
86.18,86.95,83.5558,84.7,200145124.0,85.0132,2020-06-12 04:00:00,514308,
83.3125,86.42,83.145,85.7475,138808720.0,84.8782,2020-06-15 04:00:00,368615,
87.865,88.3,86.18,88.02,165428728.0,87.7181,2020-06-16 04:00:00,446656,
88.7875,88.85,87.7725,87.8975,114388504.0,88.4283,2020-06-17 04:00:00,321829,
87.8525,88.3625,87.305,87.9325,96820384.0,87.8912,2020-06-18 04:00:00,274412,
88.6588,89.14,86.2875,87.43,264475808.0,87.6158,2020-06-19 04:00:00,521900,
87.835,89.865,87.7875,89.7175,135445064.0,89.1444,2020-06-22 04:00:00,365763,
91.0,93.095,90.5675,91.6325,212155476.0,91.9246,2020-06-23 04:00:00,540691,
91.25,92.1975,89.63,90.015,192623396.0,90.5741,2020-06-24 04:00:00,520696,
90.175,91.25,89.3925,91.21,137522512.0,90.4714,2020-06-25 04:00:00,364768,
91.1025,91.33,88.255,88.4075,205256844.0,89.3208,2020-06-26 04:00:00,478043,
88.3125,90.5434,87.82,90.445,130646076.0,89.6679,2020-06-29 04:00:00,345350,
90.02,91.495,90.0,91.2,140217996.0,90.9687,2020-06-30 04:00:00,332668,
91.28,91.84,90.9775,91.0275,110737236.0,91.4261,2020-07-01 04:00:00,317158,
91.9625,92.6175,90.91,91.0275,114041468.0,91.761,2020-07-02 04:00:00,304461,
92.5,93.945,92.4675,93.4625,118655652.0,93.3518,2020-07-06 04:00:00,335176,
93.8525,94.655,93.0575,93.1725,112419852.0,93.9268,2020-07-07 04:00:00,312176,
94.18,95.375,94.09,95.3425,117091880.0,94.885,2020-07-08 04:00:00,328566,
96.2625,96.3175,94.6725,95.6825,125632928.0,95.6154,2020-07-09 04:00:00,381750,
95.335,95.98,94.7052,95.92,90257320.0,95.4535,2020-07-10 04:00:00,278154,
97.265,99.955,95.2575,95.4775,191649140.0,97.9313,2020-07-13 04:00:00,582519,
94.84,97.255,93.8775,97.0575,170984564.0,95.8252,2020-07-14 04:00:00,475794,
98.99,99.2475,96.49,97.725,153175132.0,97.7985,2020-07-15 04:00:00,437741,
96.5625,97.405,95.905,96.5225,110572372.0,96.468,2020-07-16 04:00:00,345189,
96.9875,97.1475,95.84,96.3275,92164500.0,96.4832,2020-07-17 04:00:00,257101,
96.4163,98.5,96.0625,98.3575,90317908.0,97.4448,2020-07-20 04:00:00,281653,
99.1725,99.25,96.7425,97.0,103644436.0,97.8163,2020-07-21 04:00:00,328226,
96.6925,97.975,96.6025,97.2725,88994732.0,97.1692,2020-07-22 04:00:00,255648,
96.9984,97.0775,92.0098,92.845,197003632.0,94.0126,2020-07-23 04:00:00,685256,
90.9875,92.97,89.145,92.615,185433708.0,91.6042,2020-07-24 04:00:00,563053,
93.71,94.905,93.48,94.81,121199392.0,94.3839,2020-07-27 04:00:00,342422,
94.3675,94.5497,93.2475,93.2525,103581500.0,93.8305,2020-07-28 04:00:00,277120,
93.75,95.23,93.7125,95.04,90329256.0,94.5805,2020-07-29 04:00:00,260932,
94.1875,96.2975,93.7675,96.19,158116020.0,96.4895,2020-07-30 04:00:00,516222,
102.8838,106.415,100.825,106.26,374295468.0,103.4718,2020-07-31 04:00:00,1145107,
108.2,111.6364,107.8925,108.9375,308150416.0,109.658,2020-08-03 04:00:00,979838,
109.1325,110.79,108.3875,109.665,172688068.0,109.6574,2020-08-04 04:00:00,527331,
109.3775,110.3925,108.8975,110.0625,121991952.0,109.6622,2020-08-05 04:00:00,387414,
110.405,114.4125,109.7975,113.9025,202411900.0,112.4859,2020-08-06 04:00:00,585117,
113.205,113.675,110.2925,111.1125,198019812.0,111.9905,2020-08-07 04:00:00,648627,
112.6,113.775,110.0,112.7275,212402024.0,112.3171,2020-08-10 04:00:00,642375,
111.9688,112.4825,109.1067,109.375,187902376.0,111.0004,2020-08-11 04:00:00,625323,
110.4975,113.275,110.2975,113.01,165942820.0,112.2537,2020-08-12 04:00:00,515437,
114.43,116.0425,113.9275,115.01,210082064.0,114.9724,2020-08-13 04:00:00,633333,
114.8288,115.0,113.045,114.9075,165423808.0,114.1782,2020-08-14 04:00:00,538654,
116.0625,116.0875,113.9625,114.6075,119561044.0,114.8375,2020-08-17 04:00:00,435125,
114.3525,116.0,114.0075,115.5625,105633540.0,115.2166,2020-08-18 04:00:00,388889,
115.9833,117.1625,115.61,115.7075,145538008.0,116.4218,2020-08-19 04:00:00,499399,
115.75,118.392,115.7334,118.275,126871188.0,117.3864,2020-08-20 04:00:00,472757,
119.2625,124.868,119.25,124.37,337454640.0,122.6605,2020-08-21 04:00:00,1092109,
128.6975,128.785,123.9363,125.8575,345905768.0,126.3212,2020-08-24 04:00:00,1287610,
124.6975,125.1793,123.0525,124.825,211234408.0,124.1912,2020-08-25 04:00:00,761144,
126.1791,126.9925,125.0825,126.5225,162473268.0,126.0815,2020-08-26 04:00:00,627481,
127.1425,127.485,123.8325,125.01,155516384.0,125.6908,2020-08-27 04:00:00,679923,
126.0125,126.4425,124.5775,124.8075,187529916.0,125.3296,2020-08-28 04:00:00,690493,
127.58,131.0,126.0,129.04,225631664.0,128.9302,2020-08-31 04:00:00,2753245,
132.76,134.8,130.53,134.18,152050116.0,132.8458,2020-09-01 04:00:00,1494243,
137.59,137.98,127.0,131.4,200117202.0,131.6134,2020-09-02 04:00:00,1841705,
126.91,128.84,120.5,120.88,257589206.0,123.526,2020-09-03 04:00:00,2360712,
120.07,123.7,110.89,120.96,332549990.0,117.9436,2020-09-04 04:00:00,2966979,
113.95,118.99,112.68,112.82,231349531.0,115.3956,2020-09-08 04:00:00,2003625,
117.26,119.14,115.26,117.32,176833475.0,117.4152,2020-09-09 04:00:00,1308828,
120.36,120.5,112.5,113.49,182274291.0,116.0457,2020-09-10 04:00:00,1444575,
114.57,115.23,110.0,112.0,180846525.0,112.0421,2020-09-11 04:00:00,1405577,
114.72,115.93,112.8,115.355,140112337.0,114.5795,2020-09-14 04:00:00,1013512,
118.33,118.829,113.61,115.54,183786539.0,116.4171,2020-09-15 04:00:00,1290594,
115.23,116.0,112.04,112.13,154719375.0,113.639,2020-09-16 04:00:00,1186032,
109.72,112.2,108.71,110.34,177056468.0,110.1388,2020-09-17 04:00:00,1363245,
110.4,110.88,106.09,106.84,287076882.0,107.7831,2020-09-18 04:00:00,1650704,
104.54,110.19,103.1,110.08,195547704.0,106.9383,2020-09-21 04:00:00,1362739,
112.68,112.86,109.16,111.81,183053939.0,110.9711,2020-09-22 04:00:00,1128760,
111.62,112.11,106.77,107.12,150718671.0,109.1458,2020-09-23 04:00:00,1007065,
105.17,110.25,105.0,108.22,167743149.0,108.5536,2020-09-24 04:00:00,981871,
108.43,112.44,107.67,112.28,149981441.0,110.654,2020-09-25 04:00:00,882580,
115.01,115.32,112.78,114.96,137668917.0,114.0428,2020-09-28 04:00:00,866145,
114.55,115.31,113.57,114.09,100060326.0,114.2186,2020-09-29 04:00:00,607009,
113.79,117.26,113.62,115.81,142675133.0,115.9431,2020-09-30 04:00:00,808528,
117.64,117.72,115.83,116.79,115886840.0,116.5914,2020-10-01 04:00:00,673252,
112.89,115.37,112.22,113.02,144707196.0,113.8678,2020-10-02 04:00:00,963891,
113.91,116.65,113.55,116.5,105793839.0,115.4597,2020-10-05 04:00:00,613097,
115.7,116.12,112.25,113.16,161498212.0,114.4362,2020-10-06 04:00:00,1030507,
114.62,115.55,114.13,115.08,96848985.0,114.9212,2020-10-07 04:00:00,577788,
116.25,116.4,114.5901,114.97,83477028.0,115.2658,2020-10-08 04:00:00,520894,
115.28,117.0,114.92,116.97,100506865.0,116.2428,2020-10-09 04:00:00,635346,
120.06,125.18,119.2845,124.4,239983770.0,123.0438,2020-10-12 04:00:00,1409210,
125.27,125.39,119.65,121.1,262330451.0,122.4262,2020-10-13 04:00:00,1723602,
121.0,123.03,119.62,121.19,151057198.0,121.3042,2020-10-14 04:00:00,872447,
118.72,121.2,118.15,120.71,112382719.0,120.0797,2020-10-15 04:00:00,669233,
121.28,121.548,118.81,119.02,115328808.0,120.1349,2020-10-16 04:00:00,653703,
119.96,120.419,115.66,115.98,120639037.0,118.086,2020-10-19 04:00:00,773095,
116.2,118.98,115.63,117.51,124423228.0,117.4342,2020-10-20 04:00:00,687186,
116.67,118.705,116.45,116.87,89945980.0,117.4843,2020-10-21 04:00:00,525410,
117.45,118.04,114.59,115.75,101987951.0,115.9703,2020-10-22 04:00:00,650707,
116.39,116.55,114.28,115.04,82304645.0,114.9857,2020-10-23 04:00:00,576736,
114.01,116.55,112.88,115.05,111849857.0,114.6132,2020-10-26 04:00:00,731746,
115.49,117.28,114.5399,116.6,92168772.0,116.3162,2020-10-27 04:00:00,554028,
115.05,115.43,111.1,111.2,143937823.0,112.727,2020-10-28 04:00:00,969847,
112.37,116.93,112.2,115.32,146124673.0,114.5124,2020-10-29 04:00:00,1025460,
111.06,111.99,107.72,108.86,190547476.0,109.1006,2020-10-30 04:00:00,1493887,
109.11,110.68,107.32,108.77,122712099.0,108.6262,2020-11-02 05:00:00,865470,
109.66,111.49,108.73,110.44,107414082.0,110.4493,2020-11-03 05:00:00,640197,
114.14,115.59,112.35,114.95,138217782.0,114.6156,2020-11-04 05:00:00,846477,
117.95,119.62,116.8686,119.03,126261074.0,118.4798,2020-11-05 05:00:00,762125,
118.32,119.2,116.13,118.69,113892922.0,118.086,2020-11-06 05:00:00,646271,
120.5,121.99,116.05,116.32,154497315.0,119.5403,2020-11-09 05:00:00,997670,
115.55,117.59,114.13,115.97,135838990.0,116.3117,2020-11-10 05:00:00,820541,
117.19,119.63,116.44,119.49,112294954.0,118.5071,2020-11-11 05:00:00,621697,
119.62,120.53,118.57,119.21,103350674.0,119.4878,2020-11-12 05:00:00,613387,
119.44,119.6717,117.87,119.26,81688586.0,118.8133,2020-11-13 05:00:00,506252,
118.92,120.99,118.146,120.3,91179618.0,120.0986,2020-11-16 05:00:00,593377,
119.55,120.6741,118.96,119.39,74270973.0,119.8848,2020-11-17 05:00:00,494155,
118.61,119.82,118.0,118.03,74755911.0,118.9237,2020-11-18 05:00:00,495971,
117.59,119.06,116.81,118.64,73687972.0,118.032,2020-11-19 05:00:00,492499,
118.64,118.77,117.29,117.34,73534287.0,117.9871,2020-11-20 05:00:00,460975,
117.18,117.6202,113.75,113.85,127932918.0,114.9681,2020-11-23 05:00:00,1020038,
113.91,115.85,112.59,115.17,113874218.0,114.527,2020-11-24 05:00:00,809378,
115.55,116.75,115.17,116.03,76499234.0,116.0926,2020-11-25 05:00:00,497668,
116.57,117.49,116.22,116.59,46691331.0,116.8509,2020-11-27 05:00:00,328643,
116.97,120.97,116.81,119.05,169391476.0,119.1583,2020-11-30 05:00:00,911469,
121.01,123.4693,120.01,122.72,128166803.0,122.448,2020-12-01 05:00:00,816060,
122.02,123.37,120.89,123.08,89004195.0,122.5716,2020-12-02 05:00:00,527794,
123.52,123.78,122.21,122.94,78944630.0,122.9675,2020-12-03 05:00:00,473228,
122.6,122.8608,121.52,122.25,76401421.0,122.0795,2020-12-04 05:00:00,459162,
122.31,124.57,122.25,123.75,86711490.0,123.8382,2020-12-07 05:00:00,517945,
124.37,124.98,123.09,124.38,82139512.0,124.1914,2020-12-08 05:00:00,504720,
124.53,125.95,121.0,121.78,115005193.0,123.2586,2020-12-09 05:00:00,737741,
120.5,123.87,120.15,123.24,81295670.0,122.8994,2020-12-10 05:00:00,512167,
122.43,122.76,120.55,122.41,86561586.0,121.7229,2020-12-11 05:00:00,541967,
122.6,123.35,121.54,121.78,79055188.0,122.4325,2020-12-14 05:00:00,451068,
124.34,127.9,124.13,127.88,157572262.0,126.5535,2020-12-15 05:00:00,867462,
127.41,128.37,126.56,127.81,95913591.0,127.5459,2020-12-16 05:00:00,550012,
128.9,129.58,128.045,128.7,94359811.0,128.6643,2020-12-17 05:00:00,491620,
128.96,129.1,126.12,126.655,191108396.0,127.0953,2020-12-18 05:00:00,662921,
125.02,128.31,123.449,128.23,121250643.0,126.3341,2020-12-21 05:00:00,746686,
131.61,134.405,129.65,131.88,169351825.0,132.2514,2020-12-22 05:00:00,1132116,
132.16,132.43,130.78,130.96,88223692.0,131.5993,2020-12-23 05:00:00,557220,
131.32,133.46,131.1,131.97,54930064.0,132.3339,2020-12-24 05:00:00,365718,
133.99,137.34,133.51,136.69,124486237.0,135.8414,2020-12-28 05:00:00,782397,
138.05,138.789,134.3409,134.87,121047324.0,136.3766,2020-12-29 05:00:00,797011,
135.58,135.99,133.4,133.72,95452124.0,134.3227,2020-12-30 05:00:00,630840,
134.08,134.74,131.72,132.69,99089086.0,132.8801,2020-12-31 05:00:00,652165,
133.52,133.6116,126.76,129.41,143285672.0,129.7326,2021-01-04 05:00:00,1310217,
128.89,131.74,128.43,131.01,97664898.0,130.7179,2021-01-05 05:00:00,707577,
127.72,131.0499,126.382,126.6,155087970.0,128.3502,2021-01-06 05:00:00,1202574,
128.36,131.63,127.86,130.92,109578157.0,130.1539,2021-01-07 05:00:00,718357,
132.43,132.63,130.23,132.05,105158245.0,131.5657,2021-01-08 05:00:00,800069,
129.19,130.17,128.5,128.98,100617160.0,129.3232,2021-01-11 05:00:00,775027,
128.5,129.69,126.86,128.8,91851145.0,128.4834,2021-01-12 05:00:00,692719,
128.76,131.45,128.49,130.89,88636831.0,130.5588,2021-01-13 05:00:00,596230,
130.8,131.0,128.76,128.91,89671755.0,129.7381,2021-01-14 05:00:00,651392,
128.78,130.2242,127.0,127.14,111196831.0,128.264,2021-01-15 05:00:00,713312,
127.78,128.71,126.938,127.83,90750329.0,127.6974,2021-01-19 05:00:00,599768,
128.66,132.49,128.55,132.03,104134039.0,131.4664,2021-01-20 05:00:00,668571,
133.8,139.67,133.59,136.87,120256319.0,135.8584,2021-01-21 05:00:00,834998,
136.28,139.85,135.02,139.07,114234010.0,137.8544,2021-01-22 05:00:00,744041,
143.07,145.09,136.54,142.92,157588183.0,142.6255,2021-01-25 05:00:00,1226813,
143.6,144.3,141.37,143.16,98390205.0,142.8442,2021-01-26 05:00:00,743285,
143.43,144.3,140.41,142.06,140613944.0,142.3522,2021-01-27 05:00:00,1155710,
139.52,141.99,136.7,137.09,142508399.0,139.1841,2021-01-28 05:00:00,1239461,
135.83,136.74,130.21,131.96,177506312.0,132.7372,2021-01-29 05:00:00,1695154,
133.75,135.38,130.93,134.14,106239823.0,133.7923,2021-02-01 05:00:00,924206,
135.73,136.31,134.61,134.99,83259967.0,135.2222,2021-02-02 05:00:00,689676,
135.76,135.77,133.61,133.94,85880937.0,134.6595,2021-02-03 05:00:00,699067,
136.3,137.4,134.59,137.39,84141061.0,136.1869,2021-02-04 05:00:00,658076,
137.35,137.42,135.86,136.76,75303830.0,136.6507,2021-02-05 05:00:00,616037,
136.03,136.96,134.92,136.91,71297214.0,136.2094,2021-02-08 05:00:00,614469,
136.62,137.877,135.85,136.01,76774213.0,136.7346,2021-02-09 05:00:00,536824,
136.48,136.99,134.4,135.39,72546563.0,135.4825,2021-02-10 05:00:00,605205,
135.9,136.39,133.77,135.13,64280029.0,134.8643,2021-02-11 05:00:00,547785,
134.35,135.53,133.6921,135.37,60136930.0,134.5208,2021-02-12 05:00:00,481804,
135.49,136.01,132.79,133.19,80576316.0,133.8643,2021-02-16 05:00:00,741080,
131.25,132.22,129.47,130.84,97991849.0,130.5913,2021-02-17 05:00:00,971318,
129.2,129.995,127.41,129.71,96156748.0,128.8633,2021-02-18 05:00:00,859568,
130.24,130.71,128.8,129.87,87340834.0,129.766,2021-02-19 05:00:00,683754,
128.01,129.72,125.6,126.0,103295419.0,127.0448,2021-02-22 05:00:00,969980,
123.76,126.71,118.39,125.86,158252662.0,123.3074,2021-02-23 05:00:00,1547442,
124.94,125.56,122.23,125.35,110789904.0,124.4278,2021-02-24 05:00:00,965716,
124.68,126.4585,120.54,120.99,148199540.0,122.6039,2021-02-25 05:00:00,1365697,
122.59,124.85,121.2,121.26,164559569.0,122.9199,2021-02-26 05:00:00,1289339,
123.75,127.93,122.79,127.79,116307892.0,126.0528,2021-03-01 05:00:00,924487,
128.41,128.72,125.01,125.12,102260945.0,126.1136,2021-03-02 05:00:00,831904,
124.81,125.71,121.84,122.06,112966340.0,123.378,2021-03-03 05:00:00,992159,
121.75,123.6,118.62,120.13,178049975.0,120.805,2021-03-04 05:00:00,1689127,
120.98,121.935,117.57,121.42,153592201.0,119.7787,2021-03-05 05:00:00,1472273,
120.93,121.0,116.21,116.36,154376610.0,117.9393,2021-03-08 05:00:00,1540729,
119.03,122.06,118.79,121.085,129272780.0,120.6902,2021-03-09 05:00:00,1009102,
121.69,122.17,119.45,119.98,111886327.0,120.3297,2021-03-10 05:00:00,1031831,
122.54,123.21,121.26,121.96,102991014.0,122.0659,2021-03-11 05:00:00,790211,
120.4,121.17,119.16,121.03,87955050.0,120.2455,2021-03-12 05:00:00,762384,
121.41,124.0,120.42,123.99,92568955.0,122.9775,2021-03-15 04:00:00,711876,
125.7,127.22,124.715,125.57,115226936.0,125.9513,2021-03-16 04:00:00,835613,
124.05,125.8599,122.336,124.76,111632636.0,123.7795,2021-03-17 04:00:00,896781,
122.88,123.18,120.32,120.53,121367255.0,121.6504,2021-03-18 04:00:00,970641,
119.9,121.43,119.675,119.99,184668022.0,120.2005,2021-03-19 04:00:00,881988,
120.33,123.87,120.26,123.39,111816184.0,122.8192,2021-03-22 04:00:00,723652,
123.33,124.24,122.14,122.54,95051142.0,122.999,2021-03-23 04:00:00,641822,
122.82,122.9,120.065,120.09,88525685.0,121.2133,2021-03-24 04:00:00,653239,
119.54,121.66,119.0,120.59,98809281.0,120.244,2021-03-25 04:00:00,807588,
120.35,121.48,118.92,121.21,94071234.0,120.2314,2021-03-26 04:00:00,716066,
121.65,122.58,120.7299,121.39,80819203.0,121.4709,2021-03-29 04:00:00,584885,
120.11,120.4031,118.86,119.9,84507919.0,119.7036,2021-03-30 04:00:00,667918,
121.65,123.52,121.15,122.15,118323826.0,122.6039,2021-03-31 04:00:00,740850,
123.66,124.18,122.49,123.0,75089134.0,123.1513,2021-04-01 04:00:00,526273,
123.87,126.1601,123.07,125.9,88251175.0,125.3311,2021-04-05 04:00:00,642630,
126.5,127.13,125.65,126.21,80171253.0,126.364,2021-04-06 04:00:00,564312,
125.83,127.92,125.14,127.9,83256716.0,127.1011,2021-04-07 04:00:00,555603,
128.95,130.39,128.52,130.36,88844591.0,129.7402,2021-04-08 04:00:00,639632,
129.8,133.04,129.47,132.995,106615653.0,131.6977,2021-04-09 04:00:00,701349,
132.52,132.85,130.63,131.24,91388983.0,131.5117,2021-04-12 04:00:00,612036,
132.44,134.66,131.93,134.43,90761995.0,133.732,2021-04-13 04:00:00,640753,
134.94,135.0,131.655,132.03,86222782.0,133.0216,2021-04-14 04:00:00,668827,
133.82,135.0,133.64,134.5,89347102.0,134.3964,2021-04-15 04:00:00,608980,
134.3,134.67,133.28,134.16,84360386.0,134.0367,2021-04-16 04:00:00,541233,
133.51,135.47,133.34,134.84,94264215.0,134.5998,2021-04-19 04:00:00,625255,
135.02,135.53,131.81,133.11,94812249.0,133.4438,2021-04-20 04:00:00,744673,
132.36,133.75,131.3001,133.5,68826135.0,132.8647,2021-04-21 04:00:00,508230,
133.04,134.15,131.41,131.94,84566456.0,132.7723,2021-04-22 04:00:00,615670,
132.16,135.12,132.16,134.32,78666779.0,134.1622,2021-04-23 04:00:00,519533,
134.83,135.06,133.56,134.72,66888509.0,134.5418,2021-04-26 04:00:00,484069,
135.01,135.41,134.11,134.39,66015804.0,134.5907,2021-04-27 04:00:00,480003,
134.31,135.02,133.08,133.58,107746597.0,134.6526,2021-04-28 04:00:00,783355,
136.47,137.07,132.45,133.48,151100953.0,134.1771,2021-04-29 04:00:00,1059387,
131.78,133.56,131.065,131.46,109425466.0,132.194,2021-04-30 04:00:00,701292,
132.04,134.07,131.83,132.54,75135100.0,132.8122,2021-05-03 04:00:00,580631,
131.19,131.4899,126.7,127.85,137544918.0,127.9654,2021-05-04 04:00:00,1182700,
129.2,130.45,127.97,128.1,84000900.0,129.2267,2021-05-05 04:00:00,659279,
127.89,129.75,127.13,129.74,78064334.0,128.6316,2021-05-06 04:00:00,607088,
130.85,131.2582,129.475,130.21,77691273.0,130.4433,2021-05-07 04:00:00,545296,
129.41,129.54,126.81,126.85,88071229.0,127.8422,2021-05-10 04:00:00,680681,
123.5,126.27,122.77,125.91,126142826.0,124.7406,2021-05-11 04:00:00,922237,
123.4,124.64,122.25,122.77,112172282.0,123.0599,2021-05-12 04:00:00,876763,
124.58,126.15,124.26,124.97,105850339.0,125.1884,2021-05-13 04:00:00,788603,
126.25,127.89,125.85,127.45,81872951.0,126.9616,2021-05-14 04:00:00,535527,
126.82,126.93,125.17,126.27,74216624.0,125.9467,2021-05-17 04:00:00,502288,
126.56,126.99,124.78,124.85,63342929.0,125.9763,2021-05-18 04:00:00,493538,
123.16,124.915,122.86,124.69,92593489.0,124.0238,2021-05-19 04:00:00,674397,
125.23,127.72,125.1,127.31,76852123.0,126.8581,2021-05-20 04:00:00,494796,
127.82,128.0,125.21,125.43,79295436.0,126.1486,2021-05-21 04:00:00,527860,
126.01,127.94,125.94,127.1,63067944.0,127.2698,2021-05-24 04:00:00,442120,
127.82,128.32,126.32,126.9,72009482.0,127.0739,2021-05-25 04:00:00,462909,
126.955,127.39,126.42,126.85,56443920.0,126.8655,2021-05-26 04:00:00,415320,
126.44,127.64,125.08,125.28,94625601.0,126.1253,2021-05-27 04:00:00,545582,
125.57,125.8,124.55,124.61,71238509.0,125.0642,2021-05-28 04:00:00,527853,
125.08,125.35,123.94,124.28,65562118.0,124.5894,2021-06-01 04:00:00,501106,
124.28,125.24,124.05,125.06,58674262.0,124.769,2021-06-02 04:00:00,461408,
124.68,124.85,123.13,123.54,75699170.0,123.7708,2021-06-03 04:00:00,562249,
124.07,126.16,123.85,125.89,75169343.0,125.368,2021-06-04 04:00:00,467760,
126.17,126.32,124.8321,125.9,71057550.0,125.3691,2021-06-07 04:00:00,504254,
126.6,128.46,126.2101,126.74,74403774.0,127.0742,2021-06-08 04:00:00,532078,
127.21,127.75,126.52,127.13,56695219.0,127.0733,2021-06-09 04:00:00,382625,
127.02,128.19,125.94,126.11,71186421.0,126.6607,2021-06-10 04:00:00,498371,
126.53,127.44,126.1,127.35,53522373.0,127.0246,2021-06-11 04:00:00,354080,
127.82,130.54,127.07,130.48,96906490.0,129.6322,2021-06-14 04:00:00,563595,
129.94,130.6,129.39,129.64,62725532.0,129.8358,2021-06-15 04:00:00,416230,
130.37,130.89,128.461,130.15,91793025.0,130.0001,2021-06-16 04:00:00,619028,
129.8,132.55,129.65,131.79,96721669.0,131.5645,2021-06-17 04:00:00,652025,
130.71,131.51,130.24,130.46,108890309.0,130.7868,2021-06-18 04:00:00,557039,
130.3,132.41,129.21,132.3,79269216.0,131.4999,2021-06-21 04:00:00,506660,
132.13,134.08,131.62,133.98,73713618.0,133.0905,2021-06-22 04:00:00,481082,
133.77,134.32,133.23,133.7,60214200.0,133.7872,2021-06-23 04:00:00,424752,
134.45,134.64,132.93,133.41,68710998.0,133.7663,2021-06-24 04:00:00,443492,
133.46,133.89,132.81,133.11,70783746.0,133.2362,2021-06-25 04:00:00,358692,
133.41,135.245,133.35,134.78,61941303.0,134.8066,2021-06-28 04:00:00,454433,
134.8,136.49,134.35,136.33,64291681.0,135.9422,2021-06-29 04:00:00,442545,
136.17,137.41,135.87,136.96,63234093.0,136.8187,2021-06-30 04:00:00,419352,
136.6,137.33,135.76,137.27,52417031.0,136.6708,2021-07-01 04:00:00,388276,
137.9,140.0,137.745,139.96,78945572.0,139.1986,2021-07-02 04:00:00,521793,
140.07,143.15,140.07,142.02,108081776.0,141.7417,2021-07-06 04:00:00,733637,
143.535,144.89,142.66,144.57,104899789.0,144.0183,2021-07-07 04:00:00,732815,
141.58,144.06,140.665,143.24,104225458.0,142.5427,2021-07-08 04:00:00,772469,
142.75,145.65,142.6522,145.11,99890799.0,144.7844,2021-07-09 04:00:00,635911,
146.21,146.32,144.0,144.5,76276717.0,144.7868,2021-07-12 04:00:00,516633,
144.03,147.46,143.63,145.64,100798598.0,146.0546,2021-07-13 04:00:00,697061,
148.1,149.57,147.68,149.15,127014683.0,148.8217,2021-07-14 04:00:00,797729,
149.24,150.0,147.09,148.48,106559516.0,148.4417,2021-07-15 04:00:00,698332,
148.46,149.76,145.88,146.39,93219926.0,147.6247,2021-07-16 04:00:00,613155,
143.75,144.07,141.67,142.45,121434571.0,142.6131,2021-07-19 04:00:00,939624,
143.46,147.0997,142.96,146.15,96324436.0,145.5723,2021-07-20 04:00:00,614255,
145.53,146.13,144.63,145.4,74031460.0,145.3658,2021-07-21 04:00:00,473574,
145.935,148.195,145.81,146.8,77287356.0,146.991,2021-07-22 04:00:00,480209,
147.55,148.7177,146.92,148.56,71447416.0,148.0368,2021-07-23 04:00:00,457247,
148.27,149.83,147.7,148.99,72434089.0,149.1182,2021-07-26 04:00:00,489114,
149.12,149.21,145.55,146.77,104803028.0,146.8324,2021-07-27 04:00:00,785621,
144.81,146.97,142.54,144.98,118931191.0,144.8875,2021-07-28 04:00:00,829463,
144.685,146.55,144.58,145.64,56699475.0,145.8064,2021-07-29 04:00:00,416123,
144.38,146.33,144.11,145.86,70440626.0,145.3967,2021-07-30 04:00:00,466325,
146.36,146.95,145.25,145.52,61351461.0,145.8599,2021-08-02 04:00:00,458358,
145.81,148.045,145.18,147.36,63536618.0,146.7499,2021-08-03 04:00:00,462817,
147.27,147.79,146.28,146.95,56357771.0,147.0473,2021-08-04 04:00:00,402501,
146.98,147.84,146.17,147.06,46216322.0,147.1115,2021-08-05 04:00:00,356212,
146.35,147.11,145.63,146.14,53854313.0,146.2139,2021-08-06 04:00:00,374119,
146.2,146.7,145.52,146.09,48858689.0,146.1113,2021-08-09 04:00:00,352471,
146.44,147.71,145.3,145.6,68286400.0,146.1315,2021-08-10 04:00:00,431274,
146.05,146.72,145.53,145.86,48493463.0,146.0228,2021-08-11 04:00:00,365446,
146.19,149.05,145.84,148.89,73771613.0,148.0103,2021-08-12 04:00:00,514669,
148.97,149.4444,148.27,149.1,59375009.0,148.9194,2021-08-13 04:00:00,407900,
148.535,151.19,146.47,151.12,103558782.0,149.4001,2021-08-16 04:00:00,704850,
150.23,151.68,149.09,150.19,92202535.0,150.2473,2021-08-17 04:00:00,624238,
149.8,150.72,146.15,146.36,86285490.0,148.2985,2021-08-18 04:00:00,647599,
145.03,148.0,144.5,146.7,86753154.0,146.4409,2021-08-19 04:00:00,639427,
147.44,148.5,146.78,148.19,60249630.0,147.8157,2021-08-20 04:00:00,413517,
148.31,150.19,147.89,149.71,60105710.0,149.4893,2021-08-23 04:00:00,428947,
149.45,150.86,149.15,149.62,48605228.0,149.9034,2021-08-24 04:00:00,370055,
149.81,150.32,147.8,148.36,58691297.0,148.5982,2021-08-25 04:00:00,460865,
148.35,149.12,147.51,147.54,48597195.0,148.1147,2021-08-26 04:00:00,382720,
147.48,148.75,146.83,148.6,54858888.0,148.1201,2021-08-27 04:00:00,405190,
149.0,153.49,148.61,153.12,90756723.0,152.1466,2021-08-30 04:00:00,659666,
152.66,152.8,151.29,151.83,85962417.0,152.0192,2021-08-31 04:00:00,534512,
152.83,154.98,152.34,152.51,80207311.0,153.7673,2021-09-01 04:00:00,593508,
153.87,154.72,152.4,153.65,71171317.0,153.6101,2021-09-02 04:00:00,519974,
153.76,154.63,153.09,154.3,57866066.0,154.0218,2021-09-03 04:00:00,431686,
154.97,157.26,154.39,156.69,83620937.0,156.1841,2021-09-07 04:00:00,628035,
156.98,157.04,153.975,155.11,74396207.0,155.1093,2021-09-08 04:00:00,598135,
155.49,156.11,153.95,154.07,57305730.0,154.8505,2021-09-09 04:00:00,469366,
155.0,155.48,148.7,148.97,140829235.0,150.9988,2021-09-10 04:00:00,1168239,
150.63,151.42,148.75,149.55,104246371.0,149.6982,2021-09-13 04:00:00,760230,
150.35,151.07,146.91,148.12,112148523.0,148.8369,2021-09-14 04:00:00,808779,
148.56,149.44,146.37,149.03,84825078.0,148.0322,2021-09-15 04:00:00,635894,
148.44,148.97,147.221,148.79,67981149.0,148.151,2021-09-16 04:00:00,501847,
148.82,148.82,145.76,146.06,129840322.0,146.6992,2021-09-17 04:00:00,713537,
143.8,144.84,141.27,142.94,123462362.0,142.7526,2021-09-20 04:00:00,1022141,
143.93,144.6,142.78,143.43,75833962.0,143.74,2021-09-21 04:00:00,578041,
144.45,146.43,143.7001,145.85,76404341.0,145.4092,2021-09-22 04:00:00,548480,
146.65,147.08,145.64,146.83,64727170.0,146.6924,2021-09-23 04:00:00,472238,
145.66,147.4701,145.56,146.92,53475569.0,146.4928,2021-09-24 04:00:00,400154,
145.47,145.96,143.82,145.37,74150726.0,145.1074,2021-09-27 04:00:00,529650,
143.25,144.75,141.69,141.91,108955840.0,142.6723,2021-09-28 04:00:00,823805,
142.47,144.45,142.03,142.83,73592044.0,143.3984,2021-09-29 04:00:00,528983,
143.66,144.378,141.28,141.5,90816408.0,142.4016,2021-09-30 04:00:00,660868,
141.9,142.92,139.1101,142.65,94606681.0,141.1056,2021-10-01 04:00:00,730084,
141.76,142.21,138.27,139.14,98322008.0,139.2908,2021-10-04 04:00:00,828320,
139.49,142.24,139.36,141.11,80861062.0,140.9927,2021-10-05 04:00:00,562855,
139.47,142.15,138.37,142.0,82821118.0,140.3828,2021-10-06 04:00:00,610961,
143.06,144.215,142.72,143.29,61732655.0,143.6657,2021-10-07 04:00:00,450794,
144.03,144.1781,142.56,142.9,59892052.0,143.1747,2021-10-08 04:00:00,423540,
142.27,144.81,141.81,142.81,63952219.0,143.6675,2021-10-11 04:00:00,399220,
143.23,143.25,141.0401,141.51,73035859.0,141.8587,2021-10-12 04:00:00,526042,
141.235,141.4,139.2,140.91,78762121.0,140.3071,2021-10-13 04:00:00,600890,
142.11,143.88,141.51,143.76,69891600.0,143.2173,2021-10-14 04:00:00,447186,
143.77,144.895,143.51,144.84,67642684.0,144.3214,2021-10-15 04:00:00,429707,
143.445,146.84,143.16,146.55,85389174.0,145.4235,2021-10-18 04:00:00,544217,
147.01,149.17,146.55,148.76,76378894.0,148.329,2021-10-19 04:00:00,532883,
148.7,149.7539,148.12,149.26,58418788.0,149.0905,2021-10-20 04:00:00,437977,
148.81,149.64,147.87,149.48,61345990.0,149.0317,2021-10-21 04:00:00,418119,
149.69,150.18,148.64,148.69,58855143.0,149.2955,2021-10-22 04:00:00,437719,
148.68,149.37,147.6211,148.64,50220555.0,148.5067,2021-10-25 04:00:00,425021,
149.33,150.84,149.0101,149.32,60893393.0,149.5911,2021-10-26 04:00:00,459692,
149.36,149.73,148.49,148.85,56094929.0,149.1193,2021-10-27 04:00:00,407592,
149.82,153.165,149.72,152.57,100064388.0,151.5945,2021-10-28 04:00:00,749706,
147.215,149.94,146.4128,149.8,124953168.0,148.3331,2021-10-29 04:00:00,863685,
148.985,149.7,147.8,148.96,74588257.0,148.8099,2021-11-01 04:00:00,529659,
148.66,151.57,148.65,150.02,69121986.0,150.3583,2021-11-02 04:00:00,517391,
150.39,151.97,149.82,151.49,54511532.0,150.9171,2021-11-03 04:00:00,399115,
151.58,152.43,150.64,150.96,60394613.0,151.3974,2021-11-04 04:00:00,457989,
151.89,152.2,150.06,151.28,65163883.0,151.0887,2021-11-05 04:00:00,424255,
151.41,151.57,150.16,150.44,55020868.0,150.8187,2021-11-08 05:00:00,416754,
150.2,151.428,150.0601,150.81,56787930.0,150.792,2021-11-09 05:00:00,455006,
150.02,150.13,147.85,147.92,65160017.0,148.6034,2021-11-10 05:00:00,544210,
148.96,149.43,147.681,147.87,40699950.0,148.169,2021-11-11 05:00:00,338584,
148.43,150.4,147.48,149.99,63804006.0,149.3536,2021-11-12 05:00:00,404421,
150.37,151.88,149.43,150.0,59182803.0,150.2881,2021-11-15 05:00:00,422055,
149.94,151.488,149.34,151.0,59256210.0,150.6976,2021-11-16 05:00:00,388990,
150.995,155.0,150.99,153.49,88807000.0,153.5371,2021-11-17 05:00:00,625976,
153.71,158.67,153.05,157.87,137777673.0,156.3264,2021-11-18 05:00:00,865061,
157.65,161.02,156.5328,160.55,117264897.0,159.5736,2021-11-19 05:00:00,816964,
161.68,165.7,161.0,161.02,117427889.0,163.5891,2021-11-22 05:00:00,890334,
161.12,161.8,159.0601,161.41,96022899.0,160.3405,2021-11-23 05:00:00,712377,
160.75,162.14,159.64,161.94,69263623.0,161.1093,2021-11-24 05:00:00,505241,
159.565,160.45,156.36,156.81,76940752.0,157.8439,2021-11-26 05:00:00,666767,
159.37,161.19,158.7901,160.24,88498217.0,160.1333,2021-11-29 05:00:00,663948,
159.985,165.52,159.92,165.3,173958056.0,163.775,2021-11-30 05:00:00,1139625,
167.48,170.3,164.53,164.77,152303002.0,167.6855,2021-12-01 05:00:00,1191148,
158.735,164.2,157.8,163.76,136739174.0,161.8301,2021-12-02 05:00:00,1163153,
164.02,164.96,159.72,161.84,117949416.0,161.8243,2021-12-03 05:00:00,950980,
164.29,167.8799,164.28,165.32,107496982.0,165.8234,2021-12-06 05:00:00,840677,
169.08,171.58,168.34,171.18,120356951.0,170.5609,2021-12-07 05:00:00,834819,
172.125,175.96,170.7,175.08,116982099.0,174.0176,2021-12-08 05:00:00,871401,
174.91,176.75,173.92,174.56,108923738.0,175.277,2021-12-09 05:00:00,786129,
175.205,179.63,174.69,179.45,115402731.0,177.2721,2021-12-10 05:00:00,855797,
181.115,182.13,175.53,175.74,153237019.0,178.5988,2021-12-13 05:00:00,1148448,
175.25,177.74,172.21,174.33,139356181.0,174.4001,2021-12-14 05:00:00,985603,
175.11,179.5,172.3108,179.3,131063257.0,176.0771,2021-12-15 05:00:00,937053,
179.28,181.14,170.75,172.26,150185842.0,174.4138,2021-12-16 05:00:00,1202731,
169.93,173.47,169.69,171.14,194579041.0,171.2628,2021-12-17 05:00:00,994729,
168.28,170.58,167.46,169.75,107499114.0,169.2626,2021-12-20 05:00:00,816118,
171.555,173.2,169.12,172.99,91167005.0,171.4815,2021-12-21 05:00:00,651088,
173.04,175.86,172.15,175.64,92135303.0,174.3316,2021-12-22 05:00:00,643554,
175.85,176.8499,175.27,176.28,68356567.0,176.1477,2021-12-23 05:00:00,502547,
177.085,180.42,177.07,180.33,74901582.0,179.0573,2021-12-27 05:00:00,630107,
180.16,181.33,178.53,179.29,78894335.0,179.7048,2021-12-28 05:00:00,631766,
179.33,180.63,178.14,179.38,62348931.0,179.4557,2021-12-29 05:00:00,491790,
179.47,180.57,178.09,178.2,59773014.0,179.3744,2021-12-30 05:00:00,498664,
178.085,179.23,177.26,177.57,64062261.0,177.8004,2021-12-31 05:00:00,451687,
177.83,182.88,177.71,182.01,104677470.0,181.4156,2022-01-03 05:00:00,772691,
182.63,182.94,179.12,179.7,99110438.0,180.5574,2022-01-04 05:00:00,831890,
179.61,180.17,174.64,174.92,94535602.0,177.2884,2022-01-05 05:00:00,848513,
172.7,175.3,171.64,172.0,96882954.0,173.08,2022-01-06 05:00:00,960340,
172.89,174.14,171.03,172.17,86709147.0,172.4383,2022-01-07 05:00:00,716881,
169.08,172.5,168.17,172.19,106754551.0,170.2886,2022-01-10 05:00:00,956337,
172.32,175.18,170.82,175.08,76138312.0,173.6337,2022-01-11 05:00:00,649652,
176.12,177.18,174.82,175.53,74805173.0,175.8343,2022-01-12 05:00:00,642756,
175.78,176.62,171.79,172.19,84405760.0,173.9711,2022-01-13 05:00:00,692343,
171.34,173.78,171.09,173.07,80440778.0,172.3612,2022-01-14 05:00:00,672552,
171.51,172.54,169.405,169.8,91063979.0,170.5404,2022-01-18 05:00:00,780899,
170.0,171.08,165.94,166.23,94814990.0,168.2999,2022-01-19 05:00:00,824022,
166.98,169.68,164.18,164.51,91420515.0,167.0706,2022-01-20 05:00:00,795585,
164.415,166.33,162.3,162.41,122824858.0,163.8807,2022-01-21 05:00:00,1079476,
160.02,162.3,154.7,161.62,162706686.0,158.6897,2022-01-24 05:00:00,1632710,
158.98,162.76,157.02,159.78,115777137.0,159.4274,2022-01-25 05:00:00,1008306,
163.5,164.3894,157.82,159.69,108275307.0,161.41,2022-01-26 05:00:00,1017706,
162.45,163.84,158.28,159.22,121954638.0,161.2969,2022-01-27 05:00:00,1161003,
165.71,170.35,162.8,170.33,179435660.0,167.3083,2022-01-28 05:00:00,1518049,
170.16,175.0,169.51,174.78,115522090.0,173.1568,2022-01-31 05:00:00,933480,
174.01,174.84,172.31,174.61,85595911.0,173.7061,2022-02-01 05:00:00,735250,
174.745,175.88,173.33,175.84,84914158.0,174.9413,2022-02-02 05:00:00,676308,
174.48,176.2399,172.12,172.9,89418074.0,174.3835,2022-02-03 05:00:00,724838,
171.68,174.1,170.68,172.39,82446700.0,172.3165,2022-02-04 05:00:00,702966,
172.86,173.9458,170.95,171.66,77251204.0,172.4426,2022-02-07 05:00:00,571410,
171.73,175.35,171.43,174.83,74829217.0,173.8127,2022-02-08 05:00:00,634268,
176.05,176.65,174.9,176.28,71204538.0,175.8287,2022-02-09 05:00:00,573996,
174.14,175.48,171.55,172.12,90715899.0,173.5408,2022-02-10 05:00:00,761963,
172.33,173.08,168.04,168.64,98490687.0,170.1997,2022-02-11 05:00:00,815714,
167.37,169.58,166.56,168.88,86185530.0,168.3917,2022-02-14 05:00:00,757491,
170.97,172.95,170.25,172.79,64286317.0,171.6596,2022-02-15 05:00:00,562851,
171.85,173.34,170.05,172.55,61139697.0,171.6489,2022-02-16 05:00:00,543032,
171.03,171.91,168.47,168.88,69589344.0,170.1812,2022-02-17 05:00:00,584118,
169.82,170.5413,166.19,167.3,82772674.0,167.7969,2022-02-18 05:00:00,687677,
164.98,166.69,162.15,164.32,91148358.0,164.5551,2022-02-22 05:00:00,897217,
165.54,166.15,159.75,160.07,90009247.0,162.1577,2022-02-23 05:00:00,820313,
152.58,162.85,152.0,162.74,141147540.0,158.0144,2022-02-24 05:00:00,1383829,
163.84,165.12,160.8738,164.85,91974222.0,163.7895,2022-02-25 05:00:00,812155,
163.06,165.42,162.43,165.12,95056629.0,164.268,2022-02-28 05:00:00,791485,
164.695,166.6,161.97,163.2,83468865.0,164.16,2022-03-01 05:00:00,749653,
164.39,167.36,162.95,166.56,79724750.0,165.8095,2022-03-02 05:00:00,668260,
168.47,168.91,165.55,166.23,76678441.0,166.918,2022-03-03 05:00:00,651764,
164.49,165.55,162.1,163.17,83819592.0,163.398,2022-03-04 05:00:00,743696,
163.36,165.02,159.04,159.3,96418845.0,161.4026,2022-03-07 05:00:00,847057,
158.82,162.88,155.8,157.44,131139480.0,158.7737,2022-03-08 05:00:00,1139149,
161.475,163.41,159.41,162.95,91445405.0,161.9446,2022-03-09 05:00:00,733685,
160.2,160.39,155.98,158.52,105342033.0,158.0284,2022-03-10 05:00:00,882861,
158.93,159.28,154.5,154.73,96917302.0,156.1598,2022-03-11 05:00:00,880727,
151.45,154.12,150.1,150.62,108712111.0,151.683,2022-03-14 04:00:00,969357,
150.9,155.57,150.38,155.09,92964302.0,153.4741,2022-03-15 04:00:00,719955,
157.05,160.0,154.46,159.59,102300157.0,157.6528,2022-03-16 04:00:00,833066,
158.61,161.0,157.63,160.62,75615376.0,159.4208,2022-03-17 04:00:00,629003,
160.51,164.48,159.76,163.98,122610172.0,162.5971,2022-03-18 04:00:00,713986,
163.51,166.35,163.015,165.38,95811352.0,164.7355,2022-03-21 04:00:00,721125,
165.51,169.42,164.91,168.82,81532007.0,168.2308,2022-03-22 04:00:00,638943,
167.99,172.64,167.65,170.21,98062674.0,170.7915,2022-03-23 04:00:00,784481,
171.06,174.14,170.21,174.07,90131418.0,172.2655,2022-03-24 04:00:00,688102,
173.88,175.28,172.75,174.72,80529356.0,174.0232,2022-03-25 04:00:00,663600,
172.17,175.73,172.0,175.6,90371916.0,174.3754,2022-03-28 04:00:00,716107,
176.69,179.01,176.34,178.96,99459940.0,177.8604,2022-03-29 04:00:00,775943,
178.55,179.61,176.7,177.77,91340654.0,178.1191,2022-03-30 04:00:00,695863,
177.84,178.03,174.4,174.61,103049285.0,175.8765,2022-03-31 04:00:00,716272,
174.03,174.88,171.94,174.31,78251328.0,173.4143,2022-04-01 04:00:00,661160,
174.57,178.49,174.44,178.44,76545983.0,177.4855,2022-04-04 04:00:00,630374,
177.5,178.3,174.415,175.06,73401786.0,175.9791,2022-04-05 04:00:00,621541,
172.36,173.63,170.13,171.83,89058782.0,171.7887,2022-04-06 04:00:00,769485,
171.16,173.36,169.85,172.14,77594650.0,171.8049,2022-04-07 04:00:00,628352,
171.78,171.78,169.2,170.09,76534208.0,170.5154,2022-04-08 04:00:00,614848,
168.71,169.03,165.5,165.75,72246706.0,166.692,2022-04-11 04:00:00,677210,
168.02,169.87,166.64,167.66,79265181.0,168.0916,2022-04-12 04:00:00,678461,
167.39,171.04,166.77,170.4,70618925.0,169.6805,2022-04-13 04:00:00,558072,
170.62,171.27,165.04,165.29,75069376.0,167.2264,2022-04-14 04:00:00,596848,
163.92,166.5984,163.57,165.07,69023941.0,164.9284,2022-04-18 04:00:00,576791,
165.02,167.82,163.91,167.4,67723833.0,166.5491,2022-04-19 04:00:00,548306,
168.76,168.88,166.1,167.23,67929814.0,167.3492,2022-04-20 04:00:00,595063,
168.91,171.53,165.91,166.42,87227768.0,168.8014,2022-04-21 04:00:00,752017,
166.46,167.8699,161.5,161.79,84875424.0,164.2289,2022-04-22 04:00:00,730001,
161.12,163.17,158.46,162.88,96017376.0,160.7032,2022-04-25 04:00:00,925124,
162.25,162.34,156.72,156.8,95595226.0,158.6074,2022-04-26 04:00:00,899965,
155.91,159.79,155.38,156.57,88063191.0,157.4448,2022-04-27 04:00:00,777860,
159.25,164.515,158.93,163.64,130149192.0,161.8622,2022-04-28 04:00:00,1126019,
161.84,166.2,157.25,157.65,131747495.0,160.7133,2022-04-29 04:00:00,1032218,
156.71,158.23,153.27,157.96,123050000.0,156.0357,2022-05-02 04:00:00,1154671,
158.15,160.71,156.32,159.48,88966526.0,158.8014,2022-05-03 04:00:00,706626,
159.67,166.48,159.26,166.02,108206503.0,162.4245,2022-05-04 04:00:00,873681,
163.85,164.08,154.95,156.77,130419230.0,158.143,2022-05-05 04:00:00,1164746,
156.01,159.44,154.18,157.28,115494647.0,157.3298,2022-05-06 04:00:00,1023008,
154.925,155.83,151.49,152.06,131577921.0,153.1029,2022-05-09 04:00:00,1103707,
155.52,156.74,152.93,154.51,115366736.0,154.8376,2022-05-10 04:00:00,988257,
153.5,155.45,145.81,146.5,142547625.0,149.4468,2022-05-11 04:00:00,1310796,
142.77,146.2,138.8,142.56,182408091.0,142.066,2022-05-12 04:00:00,1678454,
144.59,148.105,143.11,147.11,113990852.0,146.3255,2022-05-13 04:00:00,920506,
145.55,147.5199,144.18,145.54,86643781.0,145.7814,2022-05-16 04:00:00,699719,
148.86,149.77,146.68,149.24,78138254.0,148.443,2022-05-17 04:00:00,609263,
146.85,147.3601,139.9,140.82,109742890.0,142.6901,2022-05-18 04:00:00,982288,
139.88,141.66,136.6,137.35,135863540.0,138.66,2022-05-19 04:00:00,1219746,
139.09,140.7,132.61,137.59,137392625.0,136.397,2022-05-20 04:00:00,1133362,
137.79,143.26,137.65,143.11,117726265.0,141.4344,2022-05-23 04:00:00,851032,
140.805,141.97,137.33,140.36,104132746.0,139.4136,2022-05-24 04:00:00,812515,
138.43,141.785,138.34,140.52,92482696.0,140.0769,2022-05-25 04:00:00,688316,
137.39,144.34,137.14,143.78,90601098.0,142.3902,2022-05-26 04:00:00,670652,
145.39,149.68,145.26,149.64,91425110.0,148.1995,2022-05-27 04:00:00,686376,
149.07,150.66,146.84,148.84,103718416.0,149.0998,2022-05-31 04:00:00,706652,
149.9,151.74,147.68,148.71,74286635.0,149.3747,2022-06-01 04:00:00,629251,
147.83,151.27,146.86,151.21,72348055.0,149.5215,2022-06-02 04:00:00,574552,
146.9,147.97,144.46,145.38,88570289.0,145.8127,2022-06-03 04:00:00,761195,
147.03,148.5689,144.9,146.14,71598380.0,146.6167,2022-06-06 04:00:00,605199,
144.345,149.0,144.1,148.71,67808150.0,147.5529,2022-06-07 04:00:00,527360,
148.58,149.8697,147.46,147.96,53950201.0,148.6118,2022-06-08 04:00:00,430174,
147.08,147.95,142.53,142.64,69472976.0,145.3266,2022-06-09 04:00:00,558178,
140.28,140.76,137.06,137.13,91566637.0,138.1785,2022-06-10 04:00:00,826197,
132.87,135.2,131.44,131.88,122128099.0,133.128,2022-06-13 04:00:00,1019929,
133.13,133.89,131.48,132.76,84784326.0,132.5738,2022-06-14 04:00:00,674981,
134.29,137.34,132.16,135.43,91532972.0,134.625,2022-06-15 04:00:00,733275,
132.08,132.39,129.04,130.06,107961508.0,130.4622,2022-06-16 04:00:00,909222,
130.065,133.079,129.81,131.56,134520290.0,131.491,2022-06-17 04:00:00,744035,
133.42,137.06,133.32,135.87,81000488.0,135.8508,2022-06-21 04:00:00,604547,
134.79,137.76,133.91,135.35,73409234.0,135.8581,2022-06-22 04:00:00,530526,
136.82,138.59,135.63,138.27,72433768.0,137.2859,2022-06-23 04:00:00,554898,
139.9,141.91,139.77,141.66,88401837.0,140.8332,2022-06-24 04:00:00,542278,
142.695,143.49,140.965,141.66,70207908.0,142.0413,2022-06-27 04:00:00,516175,
142.13,143.422,137.325,137.44,67315328.0,139.3752,2022-06-28 04:00:00,546240,
137.46,140.67,136.67,139.23,66242411.0,139.2737,2022-06-29 04:00:00,572553,
137.25,138.37,133.7737,136.72,98964467.0,136.476,2022-06-30 04:00:00,710706,
136.04,139.04,135.66,138.93,71051552.0,137.4774,2022-07-01 04:00:00,558680,
137.77,141.61,136.93,141.56,73429641.0,139.7669,2022-07-05 04:00:00,601960,
141.355,144.12,141.08,142.92,74064254.0,142.5582,2022-07-06 04:00:00,585624,
143.29,146.55,143.28,146.35,66253709.0,145.6754,2022-07-07 04:00:00,539961,
145.265,147.55,145.0,147.04,64543598.0,146.6409,2022-07-08 04:00:00,520274,
145.67,146.64,143.78,144.87,63305113.0,145.1524,2022-07-11 04:00:00,496267,
145.76,148.45,145.05,145.86,77588759.0,146.7948,2022-07-12 04:00:00,579531,
142.99,146.45,142.1201,145.49,71185560.0,145.1932,2022-07-13 04:00:00,559357,
144.08,148.95,143.25,148.47,78140744.0,146.591,2022-07-14 04:00:00,614951,
149.78,150.86,148.2,150.17,76259931.0,149.5097,2022-07-15 04:00:00,550061,
150.74,151.57,146.7,147.07,81380868.0,149.0297,2022-07-18 04:00:00,620449,
147.92,151.23,146.91,151.0,82969067.0,149.7493,2022-07-19 04:00:00,576469,
151.12,153.72,150.37,153.04,64823413.0,152.6255,2022-07-20 04:00:00,523491,
154.5,155.57,151.94,155.35,65064436.0,154.3545,2022-07-21 04:00:00,522802,
155.39,156.28,153.41,154.09,66675373.0,154.6233,2022-07-22 04:00:00,527310,
154.01,155.04,152.28,152.95,53580745.0,153.3004,2022-07-25 04:00:00,487391,
152.265,153.085,150.8,151.6,55099091.0,151.6799,2022-07-26 04:00:00,472001,
152.58,157.33,152.16,156.79,78620688.0,155.2412,2022-07-27 04:00:00,579181,
156.98,157.64,154.41,157.35,81378731.0,157.4654,2022-07-28 04:00:00,738631,
161.24,163.63,159.5,162.51,101763760.0,162.249,2022-07-29 04:00:00,773742,
161.01,163.59,160.89,161.51,67778379.0,162.1045,2022-08-01 04:00:00,594290,
160.1,162.41,159.63,160.01,59907025.0,160.6921,2022-08-02 04:00:00,543549,
160.84,166.59,160.75,166.13,82507488.0,164.9105,2022-08-03 04:00:00,682781,
166.005,167.19,164.43,165.81,55474144.0,165.5946,2022-08-04 04:00:00,525012,
163.21,165.85,163.0,165.35,56696985.0,164.7432,2022-08-05 04:00:00,491310,
166.37,167.81,164.2,164.87,60362338.0,165.8939,2022-08-08 04:00:00,540017,
164.02,165.82,163.25,164.92,63075503.0,164.8395,2022-08-09 04:00:00,480552,
167.68,169.34,166.9,169.24,70170540.0,168.3496,2022-08-10 04:00:00,559789,
170.06,170.99,168.19,168.49,57142109.0,169.3737,2022-08-11 04:00:00,507914,
169.82,172.17,169.4,172.1,68039382.0,171.0754,2022-08-12 04:00:00,557624,
171.52,173.39,171.345,173.19,54091694.0,172.6254,2022-08-15 04:00:00,501625,
172.78,173.71,171.6618,173.03,56377050.0,172.7427,2022-08-16 04:00:00,515134,
172.77,176.15,172.57,174.55,79542037.0,174.3135,2022-08-17 04:00:00,686577,
173.75,174.9,173.12,174.15,62290075.0,174.1366,2022-08-18 04:00:00,545655,
173.03,173.74,171.3101,171.52,70336995.0,172.2302,2022-08-19 04:00:00,573126,
169.69,169.86,167.135,167.57,68975809.0,168.2677,2022-08-22 04:00:00,620800,
167.08,168.71,166.65,167.23,54147079.0,167.6231,2022-08-23 04:00:00,494686,
167.32,168.11,166.245,167.53,53841524.0,167.3144,2022-08-24 04:00:00,476970,
168.78,170.14,168.35,170.03,51218209.0,169.3503,2022-08-25 04:00:00,465398,
170.57,171.05,163.56,163.62,78960980.0,165.9997,2022-08-26 04:00:00,722008,
161.145,162.9,159.82,161.38,73313953.0,161.5291,2022-08-29 04:00:00,640593,
162.13,162.56,157.72,158.91,77906197.0,159.2926,2022-08-30 04:00:00,644671,
160.305,160.58,157.14,157.22,87991091.0,158.3972,2022-08-31 04:00:00,606827,
156.64,158.42,154.67,157.96,74229896.0,156.5232,2022-09-01 04:00:00,654667,
159.75,160.362,154.965,155.81,76807768.0,157.6597,2022-09-02 04:00:00,646414,
156.47,157.09,153.69,154.53,73714843.0,155.012,2022-09-06 04:00:00,687436,
154.825,156.67,153.61,155.96,87293824.0,155.306,2022-09-07 04:00:00,696954,
154.64,156.36,152.68,154.46,84909447.0,154.3949,2022-09-08 04:00:00,697264,
155.47,157.82,154.75,157.37,68081006.0,156.6625,2022-09-09 04:00:00,532851,
159.59,164.26,159.3,163.43,104955962.0,162.4763,2022-09-12 04:00:00,801512,
159.9,160.54,153.37,153.84,122651554.0,156.1544,2022-09-13 04:00:00,1018108,
154.785,157.1,153.6106,155.31,87935409.0,155.2607,2022-09-14 04:00:00,716065,
154.65,155.24,151.38,152.37,90481110.0,153.0058,2022-09-15 04:00:00,741143,
151.21,151.35,148.37,150.7,160940131.0,150.2326,2022-09-16 04:00:00,850351,
149.31,154.56,149.1,154.48,81474246.0,152.5543,2022-09-19 04:00:00,671956,
153.4,158.08,153.08,156.9,107639796.0,156.1314,2022-09-20 04:00:00,792170,
157.34,158.74,153.6,153.72,101696790.0,156.2959,2022-09-21 04:00:00,785023,
152.38,154.47,150.91,152.74,86652542.0,152.5709,2022-09-22 04:00:00,686879,
151.19,151.47,148.56,150.43,96029909.0,150.0222,2022-09-23 04:00:00,766882,
149.66,153.7701,149.64,150.77,93339409.0,151.5222,2022-09-26 04:00:00,747666,
152.74,154.72,149.945,151.76,84282741.0,152.1335,2022-09-27 04:00:00,683776,
147.64,150.6414,144.84,149.84,146661387.0,147.5981,2022-09-28 04:00:00,1142717,
146.1,146.72,140.68,142.48,128138237.0,142.9002,2022-09-29 04:00:00,1067281,
141.28,143.1,138.0,138.2,124910274.0,140.3818,2022-09-30 04:00:00,947003,
138.21,143.07,137.685,142.45,114311663.0,141.2135,2022-10-03 04:00:00,838786,
145.03,146.22,144.26,146.1,87780064.0,145.4907,2022-10-04 04:00:00,687504,
144.075,147.38,143.01,146.4,79269968.0,145.2495,2022-10-05 04:00:00,605861,
145.81,147.54,145.22,145.43,68308669.0,146.0741,2022-10-06 04:00:00,538671,
142.54,143.1,139.445,140.09,85925559.0,140.7932,2022-10-07 04:00:00,666459,
140.42,141.89,138.5729,140.42,74899002.0,140.1978,2022-10-10 04:00:00,620863,
139.9,141.35,138.22,138.98,77001872.0,139.5393,2022-10-11 04:00:00,608882,
139.13,140.36,138.16,138.34,69933744.0,139.0968,2022-10-12 04:00:00,553185,
134.99,143.59,134.37,142.99,113223975.0,139.7607,2022-10-13 04:00:00,874139,
144.31,144.52,138.19,138.38,88597969.0,139.9229,2022-10-14 04:00:00,689680,
141.065,142.9,140.27,142.41,85250639.0,141.9529,2022-10-17 04:00:00,634583,
145.49,146.7,140.61,143.75,99130632.0,144.0619,2022-10-18 04:00:00,785416,
141.69,144.9492,141.5,143.86,61757790.0,143.4441,2022-10-19 04:00:00,511348,
143.02,145.89,142.65,143.39,64521989.0,144.2072,2022-10-20 04:00:00,517760,
142.87,147.8479,142.649,147.27,86548459.0,145.5191,2022-10-21 04:00:00,621571,
147.185,150.23,146.0,149.45,75981918.0,148.3743,2022-10-24 04:00:00,653020,
150.09,152.49,149.36,152.34,74682290.0,151.4347,2022-10-25 04:00:00,581421,
150.96,151.99,148.04,149.35,87883672.0,150.0488,2022-10-26 04:00:00,694793,
148.07,149.046,144.13,144.8,109161970.0,145.3119,2022-10-27 04:00:00,944053,
148.2,157.5,147.82,155.74,164762371.0,154.5822,2022-10-28 04:00:00,1228075,
153.155,154.24,151.92,153.34,97932271.0,153.2791,2022-10-31 04:00:00,726843,
155.08,155.45,149.13,150.65,80379345.0,150.9807,2022-11-01 04:00:00,650595,
148.945,152.17,145.0,145.03,93604623.0,148.2186,2022-11-02 04:00:00,788400,
142.06,142.8,138.75,138.88,97917166.0,140.1145,2022-11-03 04:00:00,871800,
142.09,142.67,134.38,138.38,140494796.0,137.3583,2022-11-04 04:00:00,1161631,
137.11,139.145,135.671,138.92,83364228.0,137.4671,2022-11-07 05:00:00,715005,
140.41,141.43,137.49,139.5,89908477.0,139.5702,2022-11-08 05:00:00,637312,
138.5,138.55,134.5933,134.87,74903262.0,135.9897,2022-11-09 05:00:00,632982,
141.24,146.87,139.5,146.87,118854028.0,144.1322,2022-11-10 05:00:00,875048,
145.82,150.01,144.37,149.7,93966273.0,148.1929,2022-11-11 05:00:00,742241,
148.97,150.28,147.43,148.28,73374114.0,148.7236,2022-11-14 05:00:00,576289,
152.215,153.59,148.5613,150.04,89868332.0,151.2356,2022-11-15 05:00:00,703669,
149.13,149.87,147.29,148.79,64218266.0,148.6596,2022-11-16 05:00:00,472247,
146.43,151.48,146.15,150.72,80389400.0,149.706,2022-11-17 05:00:00,563714,
152.305,152.7,149.97,151.29,74829573.0,151.1944,2022-11-18 05:00:00,514103,
150.16,150.37,147.715,148.01,58724070.0,148.4817,2022-11-21 05:00:00,504777,
148.13,150.42,146.925,150.18,51804132.0,149.1957,2022-11-22 05:00:00,405185,
149.45,151.83,149.34,151.07,58283895.0,150.7871,2022-11-23 05:00:00,444423,
148.305,148.88,147.12,148.11,35195860.0,148.1668,2022-11-25 05:00:00,319570,
145.14,146.64,143.38,144.22,69346522.0,144.782,2022-11-28 05:00:00,614357,
144.29,144.81,140.355,141.17,83736803.0,142.0517,2022-11-29 05:00:00,713280,
141.395,148.72,140.55,148.03,111314880.0,145.1721,2022-11-30 05:00:00,707647,
148.21,149.13,146.61,148.31,71250416.0,148.105,2022-12-01 05:00:00,525985,
145.96,148.0,145.65,147.81,65438446.0,146.8594,2022-12-02 05:00:00,464550,
147.77,150.9199,145.77,146.63,68826442.0,147.6384,2022-12-05 05:00:00,586791,
147.075,147.3,141.92,142.91,64727186.0,143.7902,2022-12-06 05:00:00,537304,
142.19,143.37,140.0,140.94,69721094.0,141.1601,2022-12-07 05:00:00,565392,
142.36,143.52,141.1,142.65,62128338.0,142.5153,2022-12-08 05:00:00,456121,
142.34,145.57,140.9,142.16,76084511.0,143.2204,2022-12-09 05:00:00,530236,
142.7,144.5,141.06,144.49,70462654.0,143.0063,2022-12-12 05:00:00,492710,
149.5,149.9692,144.24,145.47,93486161.0,146.5933,2022-12-13 05:00:00,706525,
145.35,146.655,141.16,143.21,82211182.0,144.2495,2022-12-14 05:00:00,597870,
141.11,141.8,136.025,136.5,98463907.0,137.6359,2022-12-15 05:00:00,879346,
136.685,137.65,133.73,134.51,160063600.0,134.9476,2022-12-16 05:00:00,821076,
135.11,135.2,131.32,132.37,79592614.0,132.4667,2022-12-19 05:00:00,705820,
131.39,133.25,129.89,132.3,77430718.0,131.8489,2022-12-20 05:00:00,640693,
132.98,136.81,132.75,135.45,85927993.0,135.315,2022-12-21 05:00:00,588684,
134.352,134.56,130.3,132.23,77696108.0,131.8997,2022-12-22 05:00:00,643294,
130.92,132.415,129.64,131.86,63802893.0,131.1521,2022-12-23 05:00:00,541274,
131.38,131.41,128.72,130.03,69007830.0,129.9522,2022-12-27 05:00:00,608331,
129.67,131.0275,125.87,126.04,85438391.0,127.5918,2022-12-28 05:00:00,762246,
127.99,130.4814,127.73,129.61,75501810.0,129.4879,2022-12-29 05:00:00,598204,
128.41,129.95,127.43,129.93,76204209.0,128.8013,2022-12-30 05:00:00,592655,
130.28,130.9,124.17,125.07,112117471.0,125.725,2023-01-03 05:00:00,1021065,
126.89,128.6557,125.08,126.36,89100633.0,126.6464,2023-01-04 05:00:00,770042,
127.13,127.77,124.76,125.02,80716808.0,126.0883,2023-01-05 05:00:00,665458,
126.01,130.29,124.89,129.62,87754715.0,128.1982,2023-01-06 05:00:00,711520,
130.465,133.41,129.89,130.15,70790813.0,131.6292,2023-01-09 05:00:00,645365,
130.26,131.2636,128.12,130.73,63896155.0,129.822,2023-01-10 05:00:00,554940,
131.25,133.51,130.46,133.49,69458949.0,132.3081,2023-01-11 05:00:00,561278,
133.88,134.26,131.44,133.41,71379648.0,133.171,2023-01-12 05:00:00,635331,
132.03,134.92,131.66,134.76,57809719.0,133.6773,2023-01-13 05:00:00,537385,
134.83,137.29,134.13,135.94,63612627.0,135.7587,2023-01-17 05:00:00,595831,
136.815,138.61,135.03,135.21,69672800.0,136.3316,2023-01-18 05:00:00,578304,
134.08,136.25,133.77,135.27,58280413.0,134.9653,2023-01-19 05:00:00,491674,
135.28,138.02,134.22,137.87,80200655.0,136.3762,2023-01-20 05:00:00,552230,
138.12,143.315,137.9,141.11,81760313.0,141.2116,2023-01-23 05:00:00,719288,
140.305,143.16,140.3,142.53,66435142.0,142.0507,2023-01-24 05:00:00,498679,
140.89,142.43,138.81,141.86,65799349.0,140.7526,2023-01-25 05:00:00,536505,
143.17,144.25,141.9,143.96,54105068.0,143.3429,2023-01-26 05:00:00,472135,
143.155,147.23,143.08,145.93,70547743.0,145.8365,2023-01-27 05:00:00,560022,
144.955,145.55,142.85,143.0,64015274.0,143.6524,2023-01-30 05:00:00,551111,
142.7,144.34,142.28,144.29,65874459.0,143.6473,2023-01-31 05:00:00,468170,
143.97,146.61,141.32,145.43,77663426.0,143.8723,2023-02-01 05:00:00,693374,
148.9,151.18,148.17,150.82,118338980.0,149.3764,2023-02-02 05:00:00,996203,
148.03,157.38,147.83,154.5,154338835.0,154.2437,2023-02-03 05:00:00,1141350,
152.575,153.1,150.78,151.73,69771906.0,152.0939,2023-02-06 05:00:00,583517,
150.64,155.23,150.64,154.65,83322551.0,153.4202,2023-02-07 05:00:00,661767,
153.88,154.58,151.168,151.92,63620079.0,152.3636,2023-02-08 05:00:00,524140,
153.775,154.33,150.42,150.87,55994243.0,152.2769,2023-02-09 05:00:00,471973,
149.46,151.3401,149.22,151.01,57388108.0,150.4054,2023-02-10 05:00:00,443405,
150.952,154.26,150.92,153.85,62199013.0,153.231,2023-02-13 05:00:00,506668,
152.12,153.77,150.86,153.2,61664023.0,152.5956,2023-02-14 05:00:00,528566,
153.11,155.5,152.88,155.33,65665252.0,154.4536,2023-02-15 05:00:00,520574,
153.51,156.33,153.3475,153.71,68167942.0,154.7143,2023-02-16 05:00:00,516187,
152.35,153.0,150.85,152.55,59105618.0,152.0451,2023-02-17 05:00:00,468580,
150.2,151.3,148.405,148.48,58217230.0,149.3501,2023-02-21 05:00:00,509342,
148.87,149.95,147.16,148.91,51008155.0,148.5494,2023-02-22 05:00:00,429775,
150.09,150.34,147.24,149.4,48392049.0,148.8407,2023-02-23 05:00:00,425159,
147.11,147.19,145.7202,146.71,55469606.0,146.3861,2023-02-24 05:00:00,472221,
147.71,149.17,147.45,147.92,44998470.0,148.1344,2023-02-27 05:00:00,418069,
147.05,149.08,146.83,147.41,50546998.0,147.7996,2023-02-28 05:00:00,383779,
146.83,147.2285,145.01,145.31,55478991.0,145.868,2023-03-01 05:00:00,461613,
144.38,146.71,143.9,145.91,52279761.0,145.1652,2023-03-02 05:00:00,413238,
148.045,151.11,147.33,151.03,70725339.0,150.0304,2023-03-03 05:00:00,558706,
153.785,156.3,153.46,153.83,87558028.0,154.6895,2023-03-06 05:00:00,691990,
153.7,154.0299,151.13,151.6,56136378.0,152.2768,2023-03-07 05:00:00,496631,
152.81,153.47,151.83,152.87,47204791.0,152.6973,2023-03-08 05:00:00,405203,
153.559,154.535,150.225,150.59,53833122.0,152.4689,2023-03-09 05:00:00,480909,
150.21,150.94,147.6096,148.5,68559600.0,149.0716,2023-03-10 05:00:00,611457,
147.805,153.14,147.7,150.47,84457122.0,151.1835,2023-03-13 04:00:00,760660,
151.28,153.4,150.1,152.59,72045893.0,152.1061,2023-03-14 04:00:00,565196,
151.19,153.245,149.92,152.99,77167866.0,151.7861,2023-03-15 04:00:00,703116,
152.16,156.46,151.64,155.85,76206919.0,154.813,2023-03-16 04:00:00,676097,
156.08,156.74,154.28,155.0,98944633.0,155.3402,2023-03-17 04:00:00,615778,
155.07,157.82,154.15,157.4,72711415.0,156.6059,2023-03-20 04:00:00,628984,
157.32,159.4,156.54,159.28,73938285.0,158.3406,2023-03-21 04:00:00,590982,
159.3,162.14,157.81,157.83,75349311.0,159.6832,2023-03-22 04:00:00,656865,
158.83,161.5501,157.68,158.93,67482060.0,159.5685,2023-03-23 04:00:00,614268,
158.86,160.34,157.85,160.25,59006343.0,159.2417,2023-03-24 04:00:00,517531,
159.94,160.77,157.87,158.28,52390266.0,159.0188,2023-03-27 04:00:00,518436,
157.97,158.49,155.98,157.65,45992152.0,156.9785,2023-03-28 04:00:00,432447,
159.37,161.05,159.35,160.77,51305691.0,160.216,2023-03-29 04:00:00,472077,
161.53,162.47,161.271,162.36,49210289.0,162.0209,2023-03-30 04:00:00,456152,
162.44,165.0,161.91,164.9,68749792.0,164.0421,2023-03-31 04:00:00,574409,
164.27,166.29,164.22,166.17,56976187.0,165.3487,2023-04-03 04:00:00,568686,
166.595,166.84,165.11,165.63,46278295.0,165.9131,2023-04-04 04:00:00,456306,
164.74,165.05,161.8,163.76,51511744.0,163.4912,2023-04-05 04:00:00,533621,
162.43,164.9584,162.0,164.66,45390123.0,164.0257,2023-04-06 04:00:00,446212,
161.42,162.03,160.08,162.03,47670382.0,161.2628,2023-04-10 04:00:00,563913,
162.35,162.36,160.51,160.8,47494217.0,161.1314,2023-04-11 04:00:00,490479,
161.22,162.06,159.78,160.1,50133062.0,160.8845,2023-04-12 04:00:00,514261,
161.63,165.8,161.42,165.56,68418649.0,164.3531,2023-04-13 04:00:00,595709,
164.59,166.32,163.82,165.21,49314480.0,165.0394,2023-04-14 04:00:00,489551,
165.09,165.39,164.03,165.23,41516217.0,164.8044,2023-04-17 04:00:00,483388,
166.1,167.41,165.65,166.47,49915508.0,166.3535,2023-04-18 04:00:00,494642,
165.8,168.16,165.54,167.63,47621166.0,167.2806,2023-04-19 04:00:00,473866,
166.09,167.87,165.56,166.65,52456377.0,166.779,2023-04-20 04:00:00,493153,
165.05,166.4521,164.49,165.02,57736141.0,165.0754,2023-04-21 04:00:00,520279,
165.0,165.6,163.89,165.33,41449581.0,164.9397,2023-04-24 04:00:00,459499,
165.19,166.305,163.73,163.77,48652863.0,164.6479,2023-04-25 04:00:00,501548,
163.055,165.28,162.8,163.76,45487296.0,163.9084,2023-04-26 04:00:00,493403,
165.19,168.56,165.19,168.41,64898729.0,167.3197,2023-04-27 04:00:00,575981,
168.49,169.85,167.8801,169.68,55275851.0,168.9479,2023-04-28 04:00:00,527763,
169.28,170.45,168.64,169.59,52424936.0,169.6586,2023-05-01 04:00:00,540745,
170.09,170.35,167.54,168.54,48425696.0,168.6978,2023-05-02 04:00:00,509755,
169.5,170.92,167.16,167.45,65126998.0,169.013,2023-05-03 04:00:00,610052,
164.89,167.04,164.31,165.79,81225673.0,166.0983,2023-05-04 04:00:00,832121,
170.975,174.3,170.76,173.57,113402971.0,173.3116,2023-05-05 04:00:00,915977,
172.48,173.85,172.11,173.5,55962634.0,173.321,2023-05-08 04:00:00,563138,
173.05,173.54,171.6,171.77,45326874.0,172.3162,2023-05-09 04:00:00,456209,
173.02,174.03,171.9,173.555,53724501.0,173.1737,2023-05-10 04:00:00,511486,
173.85,174.59,172.17,173.75,49473076.0,173.4903,2023-05-11 04:00:00,501955,
173.62,174.06,171.0,172.57,45533138.0,172.3696,2023-05-12 04:00:00,490533,
173.16,173.21,171.47,172.07,37264259.0,172.1109,2023-05-15 04:00:00,444785,
171.99,173.1383,171.7991,172.07,42110293.0,172.2781,2023-05-16 04:00:00,436165,
171.71,172.925,170.4201,172.69,57934404.0,171.85,2023-05-17 04:00:00,554940,
173.0,175.24,172.58,175.05,65496657.0,174.3014,2023-05-18 04:00:00,595692,
176.39,176.39,174.94,175.16,55525641.0,175.5191,2023-05-19 04:00:00,532731,
173.98,174.71,173.45,174.2,43570932.0,174.1828,2023-05-22 04:00:00,526393,
173.13,173.3794,171.275,171.56,50745163.0,172.1908,2023-05-23 04:00:00,535091,
171.09,172.4183,170.52,171.84,43711588.0,171.5088,2023-05-24 04:00:00,492275,
172.41,173.895,171.69,172.99,55889523.0,172.8818,2023-05-25 04:00:00,534909,
173.32,175.77,173.11,175.43,54834975.0,175.1454,2023-05-26 04:00:00,529918,
176.96,178.99,176.57,177.3,55963954.0,177.4489,2023-05-30 04:00:00,651318,
177.325,179.35,176.76,177.25,99625288.0,177.9376,2023-05-31 04:00:00,669221,
177.7,180.12,176.9306,180.09,68901712.0,179.3796,2023-06-01 04:00:00,624132,
181.03,181.78,179.26,180.95,61996852.0,180.6479,2023-06-02 04:00:00,617235,
182.63,184.951,178.035,179.58,121722517.0,182.1408,2023-06-05 04:00:00,1286180,
179.965,180.12,177.43,179.21,64845314.0,178.7093,2023-06-06 04:00:00,705164,
178.44,181.21,177.32,177.82,61944615.0,178.6619,2023-06-07 04:00:00,669062,
177.895,180.84,177.46,180.57,50210681.0,179.5493,2023-06-08 04:00:00,548456,
181.5,182.23,180.63,180.96,48869360.0,181.4395,2023-06-09 04:00:00,557894,
181.27,183.89,180.97,183.79,54754995.0,182.836,2023-06-12 04:00:00,562058,
182.8,184.15,182.44,183.31,54867129.0,183.1702,2023-06-13 04:00:00,608337,
183.37,184.39,182.02,183.95,57462782.0,183.7101,2023-06-14 04:00:00,614097,
183.96,186.52,183.78,186.01,65433166.0,185.5672,2023-06-15 04:00:00,697003,
186.73,186.99,184.27,184.92,101151225.0,185.4644,2023-06-16 04:00:00,616272,
184.41,186.1,184.41,185.01,49799092.0,185.2709,2023-06-20 04:00:00,577495,
184.9,185.41,182.5901,183.96,49515697.0,184.0809,2023-06-21 04:00:00,520855,
183.74,187.045,183.67,187.0,51245327.0,186.1166,2023-06-22 04:00:00,563076,
185.55,187.56,185.01,186.68,53112346.0,186.4952,2023-06-23 04:00:00,539704,
186.83,188.05,185.23,185.27,48088661.0,186.3292,2023-06-26 04:00:00,584497,
185.89,188.39,185.67,188.06,50731499.0,187.4998,2023-06-27 04:00:00,511869,
187.93,189.9,187.6,189.25,51216801.0,188.8916,2023-06-28 04:00:00,559145,
189.08,190.07,188.94,189.59,46347308.0,189.5561,2023-06-29 04:00:00,525367,
191.63,194.48,191.26,193.97,85068452.0,193.102,2023-06-30 04:00:00,774380,
193.78,193.88,191.76,192.46,31458198.0,192.6624,2023-07-03 04:00:00,500175,
191.565,192.98,190.62,191.33,46896861.0,191.5803,2023-07-05 04:00:00,560170,
189.84,192.02,189.2,191.81,45155523.0,190.8214,2023-07-06 04:00:00,562755,
191.41,192.67,190.24,190.68,46757498.0,191.4218,2023-07-07 04:00:00,538826,
189.26,189.99,187.035,188.61,59912163.0,188.3628,2023-07-10 04:00:00,736912,
189.16,189.3,186.6,188.08,46638119.0,187.8219,2023-07-11 04:00:00,577717,
189.68,191.7,188.47,189.77,60750218.0,189.9586,2023-07-12 04:00:00,652126,
190.5,191.19,189.78,190.54,41337338.0,190.565,2023-07-13 04:00:00,467952,
190.23,191.1799,189.63,190.69,41616242.0,190.4662,2023-07-14 04:00:00,513233,
191.9,194.32,191.81,193.99,50520159.0,193.2997,2023-07-17 04:00:00,602852,
193.35,194.33,192.415,193.73,48153774.0,193.3846,2023-07-18 04:00:00,544605,
193.1,198.23,192.65,195.1,80492323.0,194.9188,2023-07-19 04:00:00,776766,
195.09,196.47,192.495,193.13,59581196.0,194.276,2023-07-20 04:00:00,639817,
194.1,194.97,191.23,191.94,71451683.0,192.5948,2023-07-21 04:00:00,580360,
193.41,194.91,192.25,192.75,45507451.0,193.2011,2023-07-24 04:00:00,525855,
193.33,194.44,192.915,193.62,37283201.0,193.804,2023-07-25 04:00:00,445394,
193.67,195.64,193.32,194.5,47471868.0,194.3737,2023-07-26 04:00:00,502309,
196.02,197.2,192.55,193.22,47439680.0,194.8773,2023-07-27 04:00:00,570472,
194.67,196.626,194.14,195.83,47691443.0,195.8075,2023-07-28 04:00:00,519151,
196.06,196.49,195.26,196.45,38824113.0,196.1507,2023-07-31 04:00:00,530506,
196.235,196.73,195.28,195.605,35281426.0,195.8486,2023-08-01 04:00:00,477616,
195.04,195.18,191.8507,192.58,50388811.0,192.9395,2023-08-02 04:00:00,620582,
191.57,192.37,190.69,191.17,62243282.0,191.1312,2023-08-03 04:00:00,754703,
185.52,187.38,181.92,181.99,115956841.0,184.279,2023-08-04 04:00:00,1336765,
182.13,183.13,177.35,178.85,97105069.0,179.0119,2023-08-07 04:00:00,1159281,
179.69,180.27,177.58,179.8,67769003.0,178.9854,2023-08-08 04:00:00,709019,
180.87,180.93,177.01,178.19,60303492.0,178.4887,2023-08-09 04:00:00,666112,
179.48,180.75,177.6,177.97,54686851.0,178.7951,2023-08-10 04:00:00,652995,
177.32,178.62,176.55,177.79,51036672.0,177.8056,2023-08-11 04:00:00,586481,
177.97,179.69,177.305,179.46,43675627.0,178.9475,2023-08-14 04:00:00,564982,
178.88,179.48,177.05,177.45,43574863.0,177.9886,2023-08-15 04:00:00,510071,
177.13,178.54,176.5,176.57,45712957.0,177.4133,2023-08-16 04:00:00,526074,
177.14,177.5054,173.48,174.0,66054482.0,174.5857,2023-08-17 04:00:00,673083,
172.3,175.1,171.96,174.49,60171878.0,173.8904,2023-08-18 04:00:00,596474,
175.07,176.13,173.735,175.84,46161959.0,175.2221,2023-08-21 04:00:00,559658,
177.06,177.68,176.25,177.23,42057245.0,177.0098,2023-08-22 04:00:00,501508,
178.52,181.55,178.325,181.12,52722752.0,180.6482,2023-08-23 04:00:00,587165,
180.674,181.104,176.01,176.38,54912798.0,177.7035,2023-08-24 04:00:00,610377,
177.38,179.15,175.82,178.61,51439994.0,177.9075,2023-08-25 04:00:00,554789,
180.09,180.59,178.545,180.19,43803238.0,179.6595,2023-08-28 04:00:00,532485,
179.695,184.9,179.5,184.12,52953948.0,183.28,2023-08-29 04:00:00,576465,
184.94,187.85,184.74,187.65,60803988.0,186.93,2023-08-30 04:00:00,636448,
187.84,189.12,187.48,187.87,60794467.0,188.1489,2023-08-31 04:00:00,554869,
189.485,189.92,188.28,189.46,45393903.0,189.0424,2023-09-01 04:00:00,530273,
188.28,189.98,187.61,189.7,45280027.0,189.1084,2023-09-05 04:00:00,602458,
188.4,188.85,181.47,182.91,81753366.0,183.786,2023-09-06 04:00:00,880106,
175.18,178.21,173.54,177.56,112416703.0,176.7332,2023-09-07 04:00:00,1210080,
178.35,180.239,177.79,178.18,65402066.0,179.0663,2023-09-08 04:00:00,755389,
180.07,180.3,177.34,179.36,58953052.0,178.8465,2023-09-11 04:00:00,722430,
179.49,180.13,174.82,176.3,90316192.0,176.7048,2023-09-12 04:00:00,937419,
176.51,177.3,173.98,174.21,84267928.0,175.0352,2023-09-13 04:00:00,835150,
174.0,176.1,173.58,175.74,60345757.0,175.3715,2023-09-14 04:00:00,641017,
176.48,176.495,173.82,175.01,109259461.0,175.0843,2023-09-15 04:00:00,729794,
176.48,179.38,176.17,177.97,67257573.0,177.8915,2023-09-18 04:00:00,731278,
177.52,179.63,177.13,179.07,51826941.0,178.4293,2023-09-19 04:00:00,524402,
179.26,179.695,175.4,175.49,58436181.0,176.9653,2023-09-20 04:00:00,600225,
174.55,176.3,173.86,173.93,62449116.0,174.8619,2023-09-21 04:00:00,631478,
174.67,177.079,174.05,174.79,56688985.0,175.4667,2023-09-22 04:00:00,606168,
174.2,176.97,174.15,176.08,46172740.0,175.6665,2023-09-25 04:00:00,564218,
174.82,175.2,171.66,171.96,64548945.0,172.7156,2023-09-26 04:00:00,688340,
172.62,173.04,169.05,170.43,66920708.0,170.5335,2023-09-27 04:00:00,707850,
169.34,172.03,167.62,170.69,56294419.0,170.297,2023-09-28 04:00:00,618584,
172.02,173.07,170.341,171.21,51861083.0,171.5997,2023-09-29 04:00:00,535134,
171.22,174.3,170.93,173.75,52156935.0,173.2879,2023-10-02 04:00:00,617249,
172.255,173.63,170.82,172.4,49594613.0,172.1342,2023-10-03 04:00:00,542569,
171.09,174.21,170.97,173.66,53006286.0,172.9437,2023-10-04 04:00:00,560975,
173.79,175.45,172.68,174.91,48527918.0,174.2297,2023-10-05 04:00:00,509175,
173.8,177.99,173.18,177.49,57266675.0,176.3366,2023-10-06 04:00:00,593944,
176.81,179.05,175.8,178.99,42344772.0,177.8683,2023-10-09 04:00:00,518256,
178.1,179.72,177.95,178.39,43698019.0,178.6901,2023-10-10 04:00:00,524939,
178.2,179.85,177.6,179.8,47544848.0,178.9503,2023-10-11 04:00:00,503477,
180.07,182.34,179.04,180.71,56743119.0,180.9482,2023-10-12 04:00:00,616891,
181.42,181.93,178.14,178.85,51412082.0,179.4154,2023-10-13 04:00:00,531441,
176.75,179.075,176.51,178.72,52516984.0,178.1478,2023-10-16 04:00:00,632605,
176.645,178.42,174.8,177.15,57549350.0,176.8623,2023-10-17 04:00:00,592323,
175.58,177.575,175.11,175.84,54764375.0,176.3501,2023-10-18 04:00:00,540187,
176.04,177.84,175.19,175.46,59192863.0,176.215,2023-10-19 04:00:00,560260,
175.31,175.42,172.64,172.88,64211828.0,173.7459,2023-10-20 04:00:00,600318,
170.91,174.01,169.93,173.0,55980109.0,172.3829,2023-10-23 04:00:00,639616,
173.05,173.67,171.45,173.44,43816644.0,172.7333,2023-10-24 04:00:00,530406,
171.88,173.06,170.65,171.1,57156962.0,171.4932,2023-10-25 04:00:00,610143,
170.37,171.3775,165.67,166.89,70625258.0,167.5944,2023-10-26 04:00:00,815217,
166.91,168.96,166.83,168.22,58257129.0,167.9072,2023-10-27 04:00:00,609511,
169.02,171.17,168.87,170.29,51239218.0,170.0788,2023-10-30 04:00:00,628258,
169.35,170.9,167.9,170.77,44846017.0,169.9252,2023-10-31 04:00:00,509879,
171.0,174.23,170.12,173.97,56934906.0,172.6187,2023-11-01 04:00:00,633476,
175.52,177.78,175.46,177.57,77292052.0,176.6794,2023-11-02 04:00:00,805046,
174.24,176.82,173.35,176.65,79829246.0,175.5751,2023-11-03 04:00:00,858038,
176.38,179.43,176.21,179.23,63841310.0,178.5589,2023-11-06 05:00:00,678103,
179.18,182.44,178.97,181.82,70529966.0,181.2627,2023-11-07 05:00:00,653779,
182.35,183.45,181.59,182.89,49340282.0,182.6566,2023-11-08 05:00:00,542421,
182.96,184.12,181.81,182.41,53631840.0,182.912,2023-11-09 05:00:00,545657,
183.97,186.565,183.53,186.4,66177922.0,185.4104,2023-11-10 05:00:00,610938,
185.82,186.03,184.21,184.8,43627519.0,184.8317,2023-11-13 05:00:00,530407,
187.7,188.11,186.3,187.44,60108378.0,187.2038,2023-11-14 05:00:00,609218,
187.845,189.5,187.78,188.01,53608999.0,188.4191,2023-11-15 05:00:00,564159,
189.57,190.96,188.65,189.71,54412915.0,189.7109,2023-11-16 05:00:00,620748,
190.25,190.38,188.57,189.69,50737404.0,189.6022,2023-11-17 05:00:00,510217,
189.89,191.905,189.88,191.45,46538614.0,191.2984,2023-11-20 05:00:00,554014,
191.41,191.52,189.74,190.64,38134485.0,190.51,2023-11-21 05:00:00,450749,
191.49,192.93,190.825,191.31,39630011.0,191.7223,2023-11-22 05:00:00,463560,
190.87,190.9,189.25,189.97,24018404.0,189.7899,2023-11-24 05:00:00,335946,
189.92,190.67,188.9,189.79,40456609.0,189.7974,2023-11-27 05:00:00,508895,
189.78,191.08,189.4,190.4,38415419.0,190.165,2023-11-28 05:00:00,458154,
190.9,192.09,188.97,189.37,43014224.0,189.9974,2023-11-29 05:00:00,493064,
189.84,190.32,188.19,189.95,48744366.0,189.337,2023-11-30 05:00:00,486786,
190.33,191.56,189.23,191.24,45676673.0,190.8613,2023-12-01 05:00:00,515537,
189.98,190.05,187.4511,189.43,43389519.0,188.916,2023-12-04 05:00:00,587461,
190.21,194.4,190.18,193.42,66628398.0,193.1715,2023-12-05 05:00:00,700669,
194.45,194.76,192.11,192.32,41055862.0,192.8014,2023-12-06 05:00:00,491436,
193.63,195.0,193.59,194.27,47413955.0,194.3967,2023-12-07 05:00:00,495048,
194.2,195.99,193.67,195.71,53383658.0,195.1638,2023-12-08 05:00:00,538968,
193.11,193.49,191.42,193.18,60943699.0,192.7089,2023-12-11 05:00:00,691172,
193.08,194.72,191.721,194.71,52696900.0,193.7834,2023-12-12 05:00:00,510768,
195.09,198.0,194.85,197.96,70404183.0,196.9085,2023-12-13 05:00:00,672552,
198.02,199.62,196.16,198.11,66831572.0,198.2872,2023-12-14 05:00:00,691862,
197.53,198.3999,197.0,197.57,127387901.0,197.56,2023-12-15 05:00:00,625452,
196.09,196.63,194.39,195.89,55751861.0,195.6255,2023-12-18 05:00:00,655763,
196.16,196.95,195.89,196.94,40714051.0,196.5277,2023-12-19 05:00:00,451709,
196.9,197.68,194.83,194.83,52242815.0,196.142,2023-12-20 05:00:00,550599,
196.1,197.08,193.5,194.68,46482549.0,194.7425,2023-12-21 05:00:00,554844,
195.18,195.41,192.97,193.6,37149570.0,194.1013,2023-12-22 05:00:00,500544,
193.61,193.89,192.83,193.05,28919310.0,193.1713,2023-12-26 05:00:00,488257,
192.49,193.5,191.09,193.15,48087681.0,192.5679,2023-12-27 05:00:00,548076,
194.14,194.66,193.17,193.58,34049898.0,193.9222,2023-12-28 05:00:00,472404,
193.9,194.4,191.725,192.53,42672148.0,192.5761,2023-12-29 05:00:00,509123,
187.15,188.44,183.885,185.64,81964874.0,185.9465,2024-01-02 05:00:00,1008871,
184.22,185.88,183.43,184.25,58414460.0,184.3226,2024-01-03 05:00:00,656853,
182.15,183.0872,180.88,181.91,71878670.0,182.0183,2024-01-04 05:00:00,712692,
181.99,182.76,180.17,181.18,62371161.0,181.474,2024-01-05 05:00:00,682334,
182.085,185.6,181.5,185.56,59144470.0,184.3702,2024-01-08 05:00:00,669173,
183.92,185.15,182.73,185.14,42841809.0,184.3706,2024-01-09 05:00:00,538180,
184.35,186.4,183.92,186.19,46192908.0,185.2509,2024-01-10 05:00:00,554777,
186.54,187.05,183.62,185.59,49128408.0,185.0604,2024-01-11 05:00:00,584008,
186.06,186.74,185.19,185.92,40477782.0,185.8199,2024-01-12 05:00:00,477050,
182.16,184.26,180.934,183.63,65076641.0,182.8866,2024-01-16 05:00:00,767281,
181.27,182.93,180.3,182.68,47317433.0,181.9201,2024-01-17 05:00:00,594632,
186.09,189.14,185.83,188.63,77722754.0,187.9358,2024-01-18 05:00:00,787233,
189.33,191.95,188.82,191.56,68887985.0,190.6149,2024-01-19 05:00:00,682663,
192.3,195.33,192.26,193.89,60131852.0,193.9891,2024-01-22 05:00:00,718107,
195.02,195.75,193.8299,195.18,42355590.0,194.8203,2024-01-23 05:00:00,533093,
195.42,196.38,194.34,194.5,53631316.0,195.2063,2024-01-24 05:00:00,594714,
195.22,196.2675,193.1125,194.17,54822126.0,194.7337,2024-01-25 05:00:00,644526,
194.27,194.76,191.94,192.42,44587111.0,193.1207,2024-01-26 05:00:00,534165,
192.01,192.2,189.58,191.73,47145622.0,191.2954,2024-01-29 05:00:00,599513,
190.94,191.8,187.47,188.04,55836970.0,188.7927,2024-01-30 05:00:00,690705,
187.04,187.095,184.35,184.4,55467803.0,185.3525,2024-01-31 05:00:00,679844,
183.985,186.95,183.82,186.86,64885408.0,185.5688,2024-02-01 05:00:00,820977,
179.86,187.33,179.25,185.85,102527680.0,184.744,2024-02-02 05:00:00,1108465,
188.15,189.25,185.84,187.68,69654320.0,187.6824,2024-02-05 05:00:00,804748,
186.86,189.31,186.7695,189.3,43490759.0,188.4788,2024-02-06 05:00:00,530825,
190.64,191.05,188.61,189.41,53438955.0,189.3803,2024-02-07 05:00:00,596088,
189.385,189.535,187.35,188.32,40962046.0,188.3032,2024-02-08 05:00:00,521464,
188.65,189.99,188.0,188.85,45155216.0,189.0056,2024-02-09 05:00:00,544714,
188.415,188.67,186.79,187.15,41781934.0,187.5914,2024-02-12 05:00:00,585515,
185.77,186.21,183.5128,185.04,56529529.0,185.0421,2024-02-13 05:00:00,644015,
185.32,185.53,182.44,184.15,54617917.0,183.6207,2024-02-14 05:00:00,679072,
183.55,184.49,181.35,183.86,65434496.0,182.8487,2024-02-15 05:00:00,756083,
183.42,184.85,181.665,182.31,49752465.0,182.7317,2024-02-16 05:00:00,611770,
181.79,182.43,180.0,181.56,53574453.0,181.1005,2024-02-20 05:00:00,712335,
181.94,182.8888,180.66,182.32,41496371.0,181.9941,2024-02-21 05:00:00,522492,
183.48,184.955,182.46,184.37,52284192.0,183.8372,2024-02-22 05:00:00,613892,
185.01,185.04,182.23,182.52,44926677.0,182.9876,2024-02-23 05:00:00,549250,
182.24,182.76,180.65,181.16,40867421.0,181.3213,2024-02-26 05:00:00,615639,
181.1,183.9225,179.56,182.63,54318851.0,181.8192,2024-02-27 05:00:00,669751,
182.51,183.12,180.13,181.42,48943139.0,181.1915,2024-02-28 05:00:00,596442,
181.27,182.57,179.53,180.75,136682597.0,180.6781,2024-02-29 05:00:00,813073,
179.55,180.53,177.38,179.66,73450582.0,179.0322,2024-03-01 05:00:00,911077,
176.15,176.9,173.79,175.35,63392574.0,174.8181,2024-03-04 05:00:00,1041178,
